scope,variable,n_minor,n_older,minor_mean,minor_sd,minor_median,older_mean,older_sd,older_median,minor_minus_older,test,statistic,effect_size,effect_size_name,p_value,test_note,p_value_fdr_bh,significant_fdr_0_05
subject_level,sess1_t15,6,12,0.8000000000000002,0.1264911064067352,0.75,0.5916666666666667,0.20652243256245834,0.6,0.20833333333333348,welch_t_test,2.641375056281101,1.0709701604362416,hedges_g,0.018465003588019172,,0.9365557811338273,False
subject_level,sess1_t13,6,12,0.7666666666666667,0.17511900715418263,0.75,0.5583333333333335,0.18319554050414563,0.5,0.20833333333333326,welch_t_test,2.3427726619987506,1.0979594664540862,hedges_g,0.03993281498187309,,0.9365557811338273,False
subject_level,sess2_t17_loseswitch,5,11,0.19,0.2073644135332772,0.2,0.47575757575757577,0.25748394085453136,0.5,-0.28575757575757577,welch_t_test,-2.3627555927184174,-1.1062784201770572,hedges_g,0.040570977704852434,,0.9365557811338273,False
subject_level,sess2_t16_winstay,5,11,0.9047619047619048,0.14677176197545183,1.0,0.6409090909090909,0.3275637034196246,0.75,0.2638528138528139,welch_t_test,2.224982368474753,0.8669559512180779,hedges_g,0.04307126770425583,,0.9365557811338273,False
subject_level,recovery_sd_hr,4,10,3.142350850428649,0.600398207624981,3.2531919157837947,5.724755616379666,3.547380735237095,4.644847716153043,-2.5824047659510168,welch_t_test,-2.2238072755040226,-0.7832079232984186,hedges_g,0.04991846966747894,,0.9365557811338273,False
subject_level,sess2_t10_winstay,5,11,0.8333333333333333,0.23570226039551584,1.0,0.5409090909090909,0.3087037087531988,0.6,0.29242424242424236,welch_t_test,2.07950475174692,0.9542491478032551,hedges_g,0.0637344349428532,,0.9365557811338273,False
subject_level,sess1_t6_winstay,6,12,0.8111111111111112,0.1655518269527927,0.8,0.6456349206349206,0.1993750112414742,0.6,0.16547619047619067,welch_t_test,1.864062380007311,0.8318404909419741,hedges_g,0.08693159861378216,,0.9365557811338273,False
subject_level,recovery_min_hr,4,10,70.5,3.7859388972001824,72.0,63.7,10.18768319535354,64.0,6.799999999999997,welch_t_test,1.8198334344412663,0.705480229696627,hedges_g,0.09381032415464294,,0.9365557811338273,False
session_2,learning_rate_k,5,11,0.16149989706708215,0.25109666753941945,0.0404305876735516,0.5410943772856673,0.6195142150603787,0.3587052719170175,-0.3795944802185852,welch_t_test,-1.7416875202010758,-0.6639777426833926,hedges_g,0.10352397449234123,,0.9365557811338273,False
subject_level,sess2_t10_loseswitch,5,11,0.31666666666666665,0.20749832663314555,0.3333333333333333,0.5378787878787878,0.2746807145569105,0.5,-0.2212121212121212,welch_t_test,-1.7785315438374332,-0.8129053597704979,hedges_g,0.10480810191992782,,0.9365557811338273,False
subject_level,sess1_t8,6,12,0.7166666666666667,0.2136976056643281,0.8,0.5333333333333334,0.18257418583505536,0.5,0.18333333333333324,welch_t_test,1.7986923354612527,0.9054274233744514,hedges_g,0.1064297104711912,,0.9365557811338273,False
subject_level,sess2_t6,5,11,0.7,0.2,0.6,0.509090909090909,0.17002673586554234,0.5,0.19090909090909092,welch_t_test,1.8518201713781126,1.007776320628948,hedges_g,0.10793179480498578,,0.9365557811338273,False
subject_level,sess1_t10,6,12,0.7000000000000001,0.18973665961010278,0.7,0.5333333333333333,0.2059714602177749,0.5,0.16666666666666674,welch_t_test,1.7067910221290539,0.7895492117044558,hedges_g,0.1161330111271701,,0.9365557811338273,False
subject_level,sess1_t10_winstay,6,12,0.7555555555555555,0.21875066137466156,0.7166666666666667,0.5818783068783069,0.1999535647018667,0.5714285714285714,0.17367724867724865,welch_t_test,1.6333054953818988,0.8028994446300612,hedges_g,0.1357071233937385,,0.9365557811338273,False
subject_level,sess2_t3_loseswitch,5,10,0.7,0.18257418583505536,0.6666666666666666,0.4883333333333334,0.3597023804051563,0.4,0.21166666666666656,welch_t_test,1.5117024343213483,0.6305076983017792,hedges_g,0.1546475722400321,,0.9365557811338273,False
subject_level,delta_slope,5,11,-0.006171310629514959,0.01373371262980719,0.0024767801857585,0.0047471620227037825,0.007857788715825324,0.0057791537667698,-0.010918472652218743,welch_t_test,-1.6585813487301722,-1.0428073570206362,hedges_g,0.15549156742491244,,0.9365557811338273,False
subject_level,sess2_t3_winstay,4,11,0.7638888888888888,0.22395160411940415,0.7777777777777777,0.556060606060606,0.22831176628956865,0.6,0.2078282828282828,welch_t_test,1.581125407607809,0.8605011206168935,hedges_g,0.1697593164537244,,0.9365557811338273,False
subject_level,vr_prep_sd_hr,5,11,6.0949436986568974,1.5523854096125056,5.836955838805893,7.69701818201102,2.874192912900789,7.170200210070122,-1.602074483354123,welch_t_test,-1.4427959444613374,-0.5900726433709184,hedges_g,0.17224819275894712,,0.9365557811338273,False
subject_level,sess1_t13_winstay,6,12,0.8138888888888888,0.2906729102285604,0.9166666666666667,0.6039682539682539,0.2745216287432357,0.7321428571428572,0.20992063492063484,welch_t_test,1.4711103966002061,0.7148605236685281,hedges_g,0.1733052088926691,,0.9365557811338273,False
subject_level,sess2_t4_winstay,5,11,0.76,0.27728845790780565,0.8,0.5098484848484849,0.39575557449955745,0.4,0.2501515151515151,welch_t_test,1.4535788114461077,0.6464701475700954,hedges_g,0.17387253023257918,,0.9365557811338273,False
subject_level,sess2_t12_winstay,5,11,0.8166666666666667,0.29107081994288303,1.0,0.5803030303030302,0.311521194376008,0.5,0.23636363636363644,welch_t_test,1.4724846269075187,0.7307327085907438,hedges_g,0.17757501812799797,,0.9365557811338273,False
subject_level,sess2_t8,5,11,0.7,0.18708286933869708,0.7,0.5454545454545455,0.2207425485203809,0.5,0.15454545454545443,welch_t_test,1.4455656882599532,0.690291785679524,hedges_g,0.18151552569008939,,0.9365557811338273,False
session_1,learning_rate_k,6,12,0.33254972282765777,0.3687690845750682,0.21663118696184175,0.6607108494102264,0.6494458364364053,0.5505183138764435,-0.32816112658256863,welch_t_test,-1.3648117811689275,-0.5420272391462159,hedges_g,0.1917459336377696,,0.9365557811338273,False
subject_level,sess2_t7,5,11,0.6799999999999999,0.19235384061671346,0.6,0.5363636363636364,0.22033033051637385,0.5,0.14363636363636356,welch_t_test,1.321539650979687,0.6384271465375043,hedges_g,0.21919646130905437,,0.9365557811338273,False
subject_level,sess2_t9_loseswitch,5,11,0.36428571428571427,0.4258844338789669,0.25,0.6439393939393939,0.26942738397195704,0.5714285714285714,-0.27965367965367965,welch_t_test,-1.3505789554907184,-0.8211612658983692,hedges_g,0.22960957464430679,,0.9365557811338273,False
subject_level,sess2_t12_loseswitch,5,11,0.3342857142857143,0.2333430513039476,0.4,0.5002164502164502,0.2667866535872089,0.5,-0.16593073593073593,welch_t_test,-1.2593565672558202,-0.6088296723121913,hedges_g,0.23989893103168922,,0.9365557811338273,False
subject_level,sess2_t4,5,11,0.66,0.1949358868961793,0.6,0.5272727272727273,0.20045403009622478,0.5,0.1327272727272727,welch_t_test,1.2512038855986858,0.6309300868031208,hedges_g,0.24609246804336113,,0.9365557811338273,False
subject_level,sess2_t6_winstay,5,11,0.73,0.37349698793966196,1.0,0.49090909090909096,0.29465537382133267,0.4285714285714285,0.23909090909090902,welch_t_test,1.263760220273042,0.7082307758863859,hedges_g,0.2505349933328458,,0.9365557811338273,False
subject_level,slope_pre,6,12,0.009855521155830735,0.01086795596535843,0.0087203302373581,0.0038355693154454415,0.0065554310527622525,0.00417956656346745,0.006019951840385293,welch_t_test,1.2480357158815514,0.7033012066130435,hedges_g,0.2528085749829948,,0.9365557811338273,False
subject_level,sess1_t17,6,12,0.6999999999999998,0.20976176963403032,0.6499999999999999,0.5666666666666668,0.26053557891157186,0.5,0.13333333333333308,welch_t_test,1.169865273842442,0.5166198122825212,hedges_g,0.26413930628488996,,0.9365557811338273,False
subject_level,sess1_t17_winstay,6,12,0.7658730158730158,0.26786155199192985,0.8333333333333333,0.6016865079365079,0.3014662419840772,0.6,0.1641865079365079,welch_t_test,1.1748066832860082,0.5366440827965903,hedges_g,0.2642724370938105,,0.9365557811338273,False
subject_level,sess2_t17_winstay,5,11,0.8,0.282842712474619,1.0,0.6140692640692641,0.30795473086914527,0.6,0.18593073593073595,welch_t_test,1.1849342209953473,0.5840289730734284,hedges_g,0.2681632671706576,,0.9365557811338273,False
subject_level,sess2_t6_loseswitch,5,11,0.5666666666666667,0.11547005383792512,0.6,0.4606060606060606,0.25465365665641804,0.5,0.10606060606060608,welch_t_test,1.1462171756756283,0.44786432409653065,hedges_g,0.27098079187726715,,0.9365557811338273,False
subject_level,overall_winstay_sess2,5,11,0.711382290743283,0.24207867466204383,0.6341463414634146,0.5673678932609989,0.17837566220782367,0.5168539325842697,0.14401439748228406,welch_t_test,1.1913433493108145,0.6853465165035626,hedges_g,0.27800863715683505,,0.9365557811338273,False
session_1,mean_accuracy,6,12,0.6527777777777778,0.15617930499474625,0.6194444444444445,0.5731481481481481,0.1340643540573205,0.5444444444444444,0.07962962962962972,welch_t_test,1.0676189087803782,0.5365342005881487,hedges_g,0.31404477579819456,,0.9365557811338273,False
subject_level,auc_sess1,6,12,11.75,2.811227489905433,11.149999999999999,10.316666666666668,2.413158373031769,9.8,1.4333333333333318,welch_t_test,1.0676189087803756,0.5365342005881476,hedges_g,0.31404477579819606,,0.9365557811338273,False
subject_level,baseline_min_hr,6,12,73.83333333333333,9.806460455570434,71.0,68.16666666666667,12.61912929811024,68.5,5.666666666666657,welch_t_test,1.0469087486230375,0.456880502837272,hedges_g,0.3146013809056895,,0.9365557811338273,False
subject_level,sess2_t1,5,11,0.4600000000000001,0.21908902300206645,0.4,0.34545454545454546,0.12933395813657264,0.3,0.11454545454545462,welch_t_test,1.0862068965517249,0.6760369077122858,hedges_g,0.32418298121310757,,0.9365557811338273,False
subject_level,median_sess1,6,12,0.6666666666666666,0.18618986725025255,0.6,0.5750000000000001,0.15447859516333118,0.5,0.09166666666666656,welch_t_test,1.0401624374476448,0.5289588771100104,hedges_g,0.32671016278877424,,0.9365557811338273,False
subject_level,sess1_t11,6,12,0.7333333333333334,0.21602468994692867,0.75,0.6333333333333332,0.13706888336846837,0.6,0.1000000000000002,welch_t_test,1.034538675096429,0.5743073230052652,hedges_g,0.33489871650170455,,0.9365557811338273,False
subject_level,vr_speech_sd_hr,6,12,7.010429010810704,2.2416540688220596,7.028850107475019,5.907832120445247,2.072850812360112,5.980200424536508,1.102596890365457,welch_t_test,1.0083953320433359,0.49368681239392614,hedges_g,0.33849632632916515,,0.9365557811338273,False
subject_level,auc_sess2,5,11,11.56,3.6651057283521853,9.9,9.681818181818182,2.5083134500369693,9.499999999999998,1.8781818181818188,welch_t_test,1.0404574119838566,0.615181091900117,hedges_g,0.3396810343208422,,0.9365557811338273,False
session_2,mean_accuracy,5,11,0.6422222222222221,0.2036169849084547,0.55,0.5378787878787878,0.13935074722427607,0.5277777777777778,0.1043434343434343,welch_t_test,1.0404574119838559,0.6151810919001166,hedges_g,0.33968103432084246,,0.9365557811338273,False
subject_level,sess2_t18_winstay,5,11,0.7666666666666667,0.32489314482696546,1.0,0.5878787878787879,0.3402687588992388,0.75,0.17878787878787883,welch_t_test,1.005174912874024,0.5031613332441026,hedges_g,0.34364955646354106,,0.9365557811338273,False
subject_level,sess1_t6,6,12,0.6333333333333334,0.2160246899469287,0.6499999999999999,0.5333333333333333,0.19694638556693236,0.55,0.10000000000000009,welch_t_test,0.9530251207255486,0.4689199656355536,hedges_g,0.3647145374690013,,0.9365557811338273,False
subject_level,sess2_t10,5,11,0.7,0.25495097567963926,0.7,0.5727272727272728,0.2195035721390843,0.6,0.1272727272727272,welch_t_test,0.9654024559968226,0.5227466829338546,hedges_g,0.36723075764898455,,0.9365557811338273,False
subject_level,sess2_t2_loseswitch,5,11,0.65,0.22360679774997896,0.5,0.5238095238095238,0.2994401427547257,0.4285714285714285,0.1261904761904762,welch_t_test,0.9366397914574922,0.42628339857129005,hedges_g,0.3701612130859786,,0.9365557811338273,False
subject_level,sess2_t14_winstay,5,11,0.6333333333333333,0.34156502553198664,0.5,0.46731601731601735,0.2624368856402383,0.4285714285714285,0.16601731601731595,welch_t_test,0.965045287668364,0.5463768395568807,hedges_g,0.3703389191057408,,0.9365557811338273,False
subject_level,median_sess2,5,11,0.65,0.22079402165819614,0.55,0.5454545454545454,0.14569582261435202,0.5,0.10454545454545461,welch_t_test,0.9673604851113999,0.5795183108211597,hedges_g,0.3729168337732197,,0.9365557811338273,False
subject_level,sess1_t1,6,12,0.46666666666666673,0.2065591117977289,0.5,0.36666666666666675,0.24246211825330316,0.35,0.09999999999999998,welch_t_test,0.9124869666223605,0.4107915169654796,hedges_g,0.3798823280184962,,0.9365557811338273,False
subject_level,sess1_t3_winstay,6,12,0.5277777777777778,0.4399073976628701,0.6666666666666667,0.707936507936508,0.30853544051090936,0.7333333333333334,-0.18015873015873018,welch_t_test,-0.8987073687025658,-0.483523743450069,hedges_g,0.3965489957545062,,0.9365557811338273,False
subject_level,sess2_t12,5,11,0.7,0.3082207001484488,0.7,0.5636363636363637,0.22033033051637385,0.5,0.13636363636363624,welch_t_test,0.891185212880521,0.5185386280174195,hedges_g,0.40744443650845413,,0.9365557811338273,False
subject_level,sess1_t12,6,12,0.65,0.2664582518894846,0.6499999999999999,0.5416666666666666,0.20652243256245834,0.5,0.10833333333333339,welch_t_test,0.8733258022291884,0.4545956500763054,hedges_g,0.40756467730144075,,0.9365557811338273,False
subject_level,vr_math_sd_hr,6,12,6.500798030487156,3.2951721189891288,6.435811634043208,5.16548986664717,2.588520685775438,4.487286510061281,1.3353081638399864,welch_t_test,0.8677305011521559,0.44962932324301946,hedges_g,0.41019766768551535,,0.9365557811338273,False
subject_level,sess2_t3,5,11,0.5599999999999999,0.11401754250991378,0.6,0.49090909090909085,0.2119176512447486,0.5,0.06909090909090909,welch_t_test,0.8451751586068971,0.3452767357770947,hedges_g,0.4129555721878466,,0.9365557811338273,False
subject_level,baseline_sd_hr,6,12,4.380049895034706,0.7816104150894494,4.555748156903386,4.939355967320165,2.0244908436707605,4.203381685695047,-0.5593060722854588,welch_t_test,-0.8399787639762848,-0.3070949931887148,hedges_g,0.4136859044278749,,0.9365557811338273,False
subject_level,prep_hr_reactivity,4,11,7.3843406414468475,5.890205442725604,6.51270606882067,11.05113635179972,10.426897444805935,15.158997219825524,-3.666795710352872,welch_t_test,-0.8511958762513003,-0.360513498838638,hedges_g,0.41480904010757746,,0.9365557811338273,False
subject_level,sess2_t18,5,11,0.72,0.2949576240750525,0.7,0.5909090909090909,0.23001976199685736,0.6,0.12909090909090903,welch_t_test,0.8662079951366924,0.48761608850706495,hedges_g,0.418024081939417,,0.9365557811338273,False
subject_level,sess1_t12_winstay,6,12,0.7827380952380952,0.21381396484941262,0.8125,0.6781746031746033,0.317142066307747,0.6666666666666666,0.10456349206349191,welch_t_test,0.8266213425601696,0.34476084594836365,hedges_g,0.42210030507147966,,0.9365557811338273,False
subject_level,sess2_t5_winstay,5,11,0.75,0.27638539919628335,0.75,0.6310606060606061,0.21782035504219313,0.6,0.1189393939393939,welch_t_test,0.8497617026450686,0.4764085826053575,hedges_g,0.4262179834487161,,0.9365557811338273,False
subject_level,vr_speech_max_hr,6,12,99.66666666666667,11.690451944500122,102.5,94.66666666666667,12.97783658489513,91.5,5.0,welch_t_test,0.8240785772246034,0.3782387956140655,hedges_g,0.4271895596687987,,0.9365557811338273,False
subject_level,sess2_t7_loseswitch,5,11,0.4,0.2850438562747845,0.5,0.5246753246753246,0.26958074597854725,0.5,-0.1246753246753246,welch_t_test,-0.8246576192975412,-0.43006236736331893,hedges_g,0.4352621595633518,,0.9365557811338273,False
subject_level,sess2_t13,5,11,0.72,0.27748873851023215,0.7,0.6090909090909091,0.16403990645294486,0.6,0.11090909090909085,welch_t_test,0.8302201736426086,0.5164754717871791,hedges_g,0.4420788269879805,,0.9365557811338273,False
subject_level,sess1_t12_loseswitch,6,12,0.4666666666666666,0.38005847503304596,0.5833333333333333,0.5976190476190476,0.1806759109196407,0.5857142857142856,-0.130952380952381,welch_t_test,-0.8000027247822655,-0.4797447333331618,hedges_g,0.4534566168221009,,0.9365557811338273,False
subject_level,sess1_t5_loseswitch,6,12,0.5611111111111111,0.2628194705003305,0.5,0.6587301587301587,0.2291868818504696,0.6333333333333333,-0.0976190476190476,welch_t_test,-0.7744235800024181,-0.38704904593269024,hedges_g,0.45867582963693077,,0.9365557811338273,False
subject_level,sess1_t17_loseswitch,6,12,0.376984126984127,0.1960012186242524,0.46428571428571425,0.460515873015873,0.27009327952914386,0.45,-0.08353174603174601,welch_t_test,-0.7476708249605719,-0.3190890303364801,hedges_g,0.4675032435941803,,0.9365557811338273,False
subject_level,sess1_t4,6,12,0.6666666666666666,0.10327955589886445,0.7,0.6083333333333333,0.2353269807709857,0.6499999999999999,0.05833333333333335,welch_t_test,0.7295842013459751,0.2730200519262006,hedges_g,0.47624790463133226,,0.9365557811338273,False
subject_level,sess2_t13_loseswitch,5,11,0.36666666666666664,0.4149966532662911,0.3333333333333333,0.5227272727272726,0.29704776339399314,0.5,-0.15606060606060596,welch_t_test,-0.7573079036589458,-0.44042663053823755,hedges_g,0.4777690390145459,,0.9365557811338273,False
subject_level,sess1_t2_winstay,6,12,0.625,0.3791437722025775,0.625,0.7529761904761906,0.25234444929190614,0.8166666666666667,-0.12797619047619058,welch_t_test,-0.7480942610573897,-0.40923928251270636,hedges_g,0.4778154241212448,,0.9365557811338273,False
subject_level,sess2_t7_winstay,5,11,0.6866666666666666,0.1879716290649558,0.6666666666666666,0.5958874458874458,0.3025535519942975,0.6666666666666666,0.09077922077922085,welch_t_test,0.7317963675249823,0.3124001181580305,hedges_g,0.4781148818978507,,0.9365557811338273,False
subject_level,baseline_max_hr,6,12,97.0,11.882760622010357,92.5,92.75,10.771384649743379,91.5,4.25,welch_t_test,0.7375772301561527,0.3636473348887795,hedges_g,0.4790763677577039,,0.9365557811338273,False
subject_level,sess2_t5,5,11,0.5800000000000001,0.14832396974191328,0.6,0.5181818181818182,0.17786613965666329,0.5,0.06181818181818188,welch_t_test,0.7247177457431294,0.343902119811358,hedges_g,0.48638002763815635,,0.9365557811338273,False
subject_level,sess1_t10_loseswitch,6,11,0.47222222222222227,0.36004114991154773,0.41666666666666663,0.35075757575757577,0.26390377416816535,0.375,0.1214646464646465,welch_t_test,0.7267169502144251,0.3850658058975867,hedges_g,0.488076115461751,,0.9365557811338273,False
subject_level,vr_prep_median_hr,5,11,85.6,5.727128425310542,83.0,88.54545454545455,11.192529976405122,88.0,-2.9454545454545524,welch_t_test,-0.6952469546801666,-0.2800917796836056,hedges_g,0.4986282427417311,,0.9365557811338273,False
subject_level,sess1_t14,6,12,0.6333333333333334,0.31411250638372656,0.55,0.5333333333333333,0.2570225788926064,0.6,0.10000000000000009,welch_t_test,0.6749750724036516,0.34489808016197565,hedges_g,0.5176770433803245,,0.9365557811338273,False
subject_level,sess2_t14,5,11,0.66,0.34351128074635334,0.6,0.5454545454545455,0.22962419891481978,0.5,0.1145454545454545,welch_t_test,0.6797813541768797,0.40535964847004413,hedges_g,0.5232919001375886,,0.9365557811338273,False
subject_level,overall_loseswitch_sess2,5,11,0.45838483408277464,0.09312323158574404,0.463768115942029,0.4913357120073249,0.08882803118441866,0.5,-0.03295087792455026,welch_t_test,-0.665477684081282,-0.3458580677919777,hedges_g,0.5257255748115279,,0.9365557811338273,False
subject_level,recovery_mean_hr,4,10,77.61878826882341,4.23280844310343,78.55012119113573,75.17398298489957,10.035275191443066,77.26127643645891,2.4448052839238414,welch_t_test,0.6409367032766696,0.25587570615402766,hedges_g,0.5338247344967315,,0.9365557811338273,False
subject_level,sess1_t8_loseswitch,6,12,0.5666666666666667,0.1991649232838621,0.55,0.4988095238095238,0.23694418736964662,0.45,0.06785714285714284,welch_t_test,0.6386386529969061,0.2861853730675209,hedges_g,0.5351793877350269,,0.9365557811338273,False
subject_level,sess1_t15_winstay,6,12,0.523015873015873,0.3285426718494898,0.5357142857142857,0.6345238095238096,0.38741341855293443,0.7571428571428571,-0.11150793650793656,welch_t_test,-0.6385189907911011,-0.2870032306755335,hedges_g,0.5353519812269465,,0.9365557811338273,False
subject_level,sess1_t16,6,12,0.6666666666666666,0.2250925735484551,0.65,0.6,0.17056057308448835,0.6,0.06666666666666665,welch_t_test,0.6394700408037125,0.335409869076428,hedges_g,0.5404273849371397,,0.9365557811338273,False
subject_level,sess1_t4_loseswitch,6,12,0.45555555555555555,0.2680519573736626,0.5333333333333333,0.5430555555555555,0.2964826066178858,0.55,-0.08749999999999997,welch_t_test,-0.6298311133899865,-0.2894525748872606,hedges_g,0.5415527587037381,,0.9365557811338273,False
subject_level,sess2_t11,5,11,0.6399999999999999,0.27018512172212594,0.6,0.5545454545454546,0.18090680674665818,0.6,0.08545454545454534,welch_t_test,0.6445920558472565,0.38414825377622724,hedges_g,0.5442347630482858,,0.9365557811338273,False
subject_level,vr_prep_max_hr,5,11,98.8,5.585696017507577,96.0,101.36363636363636,11.324952337848734,102.0,-2.5636363636363626,welch_t_test,-0.6059487908502966,-0.24174680206819982,hedges_g,0.5544320983444901,,0.9365557811338273,False
subject_level,vr_prep_min_hr,5,11,74.6,9.396807968666808,77.0,71.36363636363636,10.595024561299773,73.0,3.2363636363636346,welch_t_test,0.6130954754835918,0.29802744369140294,hedges_g,0.5553507348040561,,0.9365557811338273,False
subject_level,sess1_t11_winstay,6,12,0.7424603174603174,0.25793711843639594,0.775,0.664484126984127,0.27179753599017253,0.775,0.07797619047619042,welch_t_test,0.5937909130017733,0.27757390339222976,hedges_g,0.5651000648752991,,0.9365557811338273,False
subject_level,sess2_t14_loseswitch,5,11,0.3476190476190476,0.3227925205729967,0.5,0.4439393939393939,0.2147702554504758,0.5,-0.0963203463203463,welch_t_test,-0.608790220991472,-0.36363434572411324,hedges_g,0.5661966997172647,,0.9365557811338273,False
subject_level,recovery_minus_post_hr,4,8,-2.638202321447846,2.1715195441014203,-2.907086087765002,-1.182656808341438,6.496308340592242,-0.12011915883406489,-1.455545513106408,welch_t_test,-0.5729372181540235,-0.24148536262159861,hedges_g,0.5801539879329145,,0.9365557811338273,False
subject_level,recovery_median_hr,4,10,77.5,4.041451884327381,78.5,75.3,10.499206319209721,77.5,2.200000000000003,welch_t_test,0.5660285765882884,0.22111688071067578,hedges_g,0.58182762656383,,0.9365557811338273,False
subject_level,sess1_t11_loseswitch,6,12,0.49682539682539684,0.34968942056361874,0.4666666666666667,0.5874999999999999,0.23517938564921764,0.6333333333333333,-0.09067460317460307,welch_t_test,-0.573596318427621,-0.3127585217557514,hedges_g,0.583367288013649,,0.9365557811338273,False
subject_level,sess2_t9,5,11,0.62,0.30331501776206204,0.6,0.5363636363636365,0.15666989036012804,0.5,0.08363636363636351,welch_t_test,0.5822784810126573,0.3777536068897263,hedges_g,0.5856484079600874,,0.9365557811338273,False
subject_level,sess2_t16_loseswitch,5,11,0.3580952380952381,0.37571398394580185,0.3333333333333333,0.4681818181818182,0.3176698623006933,0.5,-0.11008658008658012,welch_t_test,-0.5691968821299994,-0.31043186607277296,hedges_g,0.5876864028442129,,0.9365557811338273,False
subject_level,sess2_t9_winstay,5,11,0.6142857142857142,0.37661218075611624,0.5,0.5126262626262627,0.24887513490135188,0.5,0.10165945165945156,welch_t_test,0.5513407853329038,0.33012279278858,hedges_g,0.6024787444005388,,0.9365557811338273,False
subject_level,sess1_t7_loseswitch,6,12,0.5041666666666667,0.4093948786522209,0.3875,0.6031746031746031,0.24497492148293323,0.6,-0.09900793650793649,welch_t_test,-0.545557588296825,-0.3081495274073964,hedges_g,0.6026713969303297,,0.9365557811338273,False
subject_level,math_hr_reactivity,5,12,7.465955562103659,5.4655868452207494,5.239521770909462,9.158036431362437,6.923051324887911,8.344456156376367,-1.6920808692587777,welch_t_test,-0.5359255219369485,-0.24459605676054272,hedges_g,0.6042299983985631,,0.9365557811338273,False
subject_level,sess1_t18_winstay,6,12,0.7623015873015874,0.28107510098916544,0.8285714285714285,0.6847222222222222,0.3206258347761857,0.7333333333333334,0.07757936507936514,welch_t_test,0.5262316077937024,0.23925684555254328,hedges_g,0.608791599031026,,0.9365557811338273,False
subject_level,vr_math_max_hr,6,12,100.0,9.23038460737146,97.5,97.25,12.664373795666473,96.5,2.75,welch_t_test,0.5237807315970103,0.22384971283440522,hedges_g,0.6089648922561668,,0.9365557811338273,False
subject_level,sess1_t6_loseswitch,6,12,0.5642857142857144,0.1680014577196233,0.6,0.5123015873015874,0.2545925992701003,0.55,0.05198412698412702,welch_t_test,0.5171198240429069,0.21428096263682445,hedges_g,0.6129086590810319,,0.9365557811338273,False
subject_level,sess1_t14_winstay,6,12,0.6617063492063492,0.2760882576306202,0.7142857142857143,0.5916666666666667,0.3024729723295934,0.6666666666666666,0.07003968253968251,welch_t_test,0.4912401552548432,0.22651470763539944,hedges_g,0.6329097613445691,,0.9365557811338273,False
subject_level,sess1_t16_winstay,6,12,0.6143518518518519,0.21233865818855707,0.6388888888888888,0.6718253968253967,0.2833412151643591,0.7142857142857143,-0.05747354497354473,welch_t_test,-0.48222570047289925,-0.2079516465554989,hedges_g,0.6375826222027776,,0.9365557811338273,False
subject_level,baseline_mean_hr,6,12,85.60750864222781,9.857818289961171,83.0763049976531,83.16607131989576,11.080175862726422,81.88093453633508,2.4414373223320496,welch_t_test,0.474921703329007,0.21703901594886912,hedges_g,0.6439146763950903,,0.9365557811338273,False
subject_level,sess1_t5,6,12,0.5833333333333334,0.19407902170679517,0.55,0.6250000000000001,0.14222261679238196,0.6,-0.04166666666666674,welch_t_test,-0.46691726568535197,-0.24764331785349747,hedges_g,0.6533389766244947,,0.9365557811338273,False
subject_level,sess1_t9_winstay,6,12,0.6592592592592593,0.21507009097715518,0.6666666666666667,0.6011904761904762,0.3167447744051453,0.5833333333333333,0.05806878306878316,welch_t_test,0.4580760188770388,0.19146660514834266,hedges_g,0.6538500611016416,,0.9365557811338273,False
subject_level,sess1_t7_winstay,6,12,0.6476190476190476,0.3464887036668115,0.7571428571428571,0.577579365079365,0.23432173889204475,0.55,0.07003968253968262,welch_t_test,0.4466963044061263,0.24314051622551094,hedges_g,0.6679215669953344,,0.9365557811338273,False
subject_level,sess2_t18_loseswitch,5,11,0.39999999999999997,0.3405469456950425,0.3333333333333333,0.47878787878787876,0.31083140384485225,0.4,-0.0787878787878788,welch_t_test,-0.4405909576623974,-0.23307108194528875,hedges_g,0.6724513253449351,,0.9365557811338273,False
subject_level,sess2_t2,5,11,0.58,0.29495762407505255,0.6,0.5181818181818182,0.1990888335300693,0.5,0.06181818181818177,welch_t_test,0.4265524098741002,0.25347102736546107,hedges_g,0.6852635613199761,,0.9365557811338273,False
subject_level,vr_speech_mean_hr,6,12,86.24159588265631,11.56030164391601,90.28946970968283,83.85331063807728,11.432131354513789,81.30685986793837,2.3882852445790377,welch_t_test,0.4147143329441723,0.1982644948293606,hedges_g,0.6871087614337723,,0.9365557811338273,False
subject_level,recovery_max_hr,4,10,86.0,6.2182527020592095,88.0,88.0,11.962905629950907,88.0,-2.0,welch_t_test,-0.40843742565606345,-0.17309793357383035,hedges_g,0.6910324927164666,,0.9365557811338273,False
subject_level,sess1_t3_loseswitch,6,12,0.6,0.38873012632302006,0.6333333333333333,0.5281746031746032,0.2471082671732228,0.5357142857142857,0.07182539682539679,welch_t_test,0.41280513654094037,0.22903389784497163,hedges_g,0.6919424482113573,,0.9365557811338273,False
subject_level,sess2_t16,5,11,0.6399999999999999,0.3361547262794322,0.7,0.5727272727272728,0.20045403009622478,0.5,0.06727272727272715,welch_t_test,0.4151934121307785,0.25754967559052033,hedges_g,0.694154381012704,,0.9365557811338273,False
subject_level,sess1_t9_loseswitch,6,12,0.4666666666666666,0.3027650354097492,0.5,0.5228174603174603,0.23342488338565096,0.5,-0.05615079365079373,welch_t_test,-0.39886127160459406,-0.20799214121419776,hedges_g,0.7003181284013327,,0.9365557811338273,False
subject_level,overall_winstay_sess1,6,12,0.6901527882466795,0.21024429947655945,0.6770996640537514,0.6513177288591832,0.17613613738718184,0.6432427221900906,0.03883505938749632,welch_t_test,0.3892774154070582,0.197296617450055,hedges_g,0.7064895978012924,,0.9365557811338273,False
subject_level,sess2_t15_loseswitch,5,11,0.4,0.4183300132670378,0.5,0.3222943722943723,0.277229721142755,0.25,0.07770562770562772,welch_t_test,0.3792236124725405,0.22683539753641116,hedges_g,0.7183241288403269,,0.9365557811338273,False
subject_level,diff_s2_minus_s1,5,11,-0.029999999999999954,0.07582875444051541,-0.0499999999999999,-0.009090909090909101,0.15300029708824395,0.0,-0.020909090909090853,welch_t_test,-0.36519439780902974,-0.145880237890058,hedges_g,0.7205364421448912,,0.9365557811338273,False
subject_level,sess1_t13_loseswitch,6,11,0.4523809523809524,0.35089777956077217,0.3333333333333333,0.509090909090909,0.16805482510902284,0.5,-0.056709956709956655,welch_t_test,-0.37321270882031254,-0.21998129027134217,hedges_g,0.7212648302314755,,0.9365557811338273,False
subject_level,sess2_t5_loseswitch,5,11,0.52,0.3176301133219092,0.4,0.46082251082251086,0.24730603759654718,0.4285714285714285,0.05917748917748916,welch_t_test,0.36886784576495657,0.20777549131546127,hedges_g,0.7242767121295965,,0.9365557811338273,False
subject_level,vr_prep_mean_hr,5,11,86.38196182491214,5.755813526116776,84.41059602649007,87.86929087219715,10.846598709060752,88.44295302013423,-1.4873290472850158,welch_t_test,-0.3573698328916042,-0.14542569450158396,hedges_g,0.7263866592216461,,0.9365557811338273,False
subject_level,sess1_t14_loseswitch,6,12,0.375,0.39352396510391985,0.29166666666666663,0.4390873015873016,0.24944477271213544,0.45,-0.06408730158730158,welch_t_test,-0.36401836525243375,-0.20213963169742175,hedges_g,0.7264712773726208,,0.9365557811338273,False
subject_level,sess2_t13_winstay,5,11,0.65,0.355512150128359,0.6666666666666666,0.5871212121212122,0.21341676872194737,0.5,0.06287878787878787,welch_t_test,0.36660190906442963,0.22690392266094614,hedges_g,0.7279461154579143,,0.9365557811338273,False
subject_level,sess1_t8_winstay,6,12,0.5293650793650794,0.38474795668573386,0.41666666666666663,0.5888888888888889,0.24713850585742622,0.6666666666666666,-0.059523809523809534,welch_t_test,-0.3450344392924812,-0.1908284030914862,hedges_g,0.7400129945622763,,0.9365557811338273,False
subject_level,sess1_t5_winstay,6,12,0.6873015873015872,0.2750661296149994,0.6333333333333333,0.7323412698412698,0.24232914833781433,0.8,-0.0450396825396826,welch_t_test,-0.3404305785829067,-0.1695352308612874,hedges_g,0.7413295823193412,,0.9365557811338273,False
subject_level,sess1_t4_winstay,6,12,0.7440476190476191,0.25893883395097606,0.8035714285714286,0.7003968253968255,0.2735898485115047,0.7321428571428572,0.04365079365079361,welch_t_test,0.33079697788442675,0.15448766710740636,hedges_g,0.747224111230165,,0.9365557811338273,False
subject_level,sess2_t11_winstay,5,11,0.6,0.3893102875599359,0.625,0.5364718614718615,0.2553044249763256,0.6666666666666666,0.06352813852813843,welch_t_test,0.33372143450242897,0.20036471724695973,hedges_g,0.7506648570658024,,0.9365557811338273,False
subject_level,sess2_t11_loseswitch,5,11,0.4,0.4183300132670378,0.5,0.4653679653679653,0.24820526679141466,0.5,-0.0653679653679653,welch_t_test,-0.3244136386428881,-0.20157284930891917,hedges_g,0.7579776214127061,,0.9365557811338273,False
subject_level,sess1_t2,6,12,0.5333333333333333,0.21602468994692867,0.55,0.5666666666666668,0.21881222058831146,0.6,-0.03333333333333344,welch_t_test,-0.30727935312736143,-0.14566078340988095,hedges_g,0.7647993434618454,,0.9365557811338273,False
subject_level,pre_vr_min_hr,5,12,65.8,4.494441010848846,65.0,64.75,10.16343714229859,61.5,1.0499999999999972,welch_t_test,0.29524268823320005,0.11064116336210973,hedges_g,0.7719128577458847,,0.9365557811338273,False
subject_level,pre_vr_mean_hr,5,12,75.57428202985128,4.627235391645832,75.8655737704918,76.67555429966914,10.759167834591773,74.69985751477626,-1.1012722698178692,welch_t_test,-0.2950776080473895,-0.10981617814407231,hedges_g,0.7720135628601902,,0.9365557811338273,False
subject_level,vr_speech_median_hr,6,12,85.75,11.990621335026805,91.5,83.95833333333333,12.314917659882951,82.5,1.7916666666666714,welch_t_test,0.29615093826295025,0.1396986536817813,hedges_g,0.7729689877116579,,0.9365557811338273,False
subject_level,speech_hr_reactivity,5,12,9.397811247158085,15.587986456711203,11.94144341170039,7.177756338408154,7.135020059874899,4.310014001224374,2.2200549087499306,welch_t_test,0.305410955472646,0.20850919147737368,hedges_g,0.7730705579458987,,0.9365557811338273,False
subject_level,baseline_median_hr,6,12,85.5,9.974968671630002,82.5,84.0,11.512838683202963,83.5,1.5,welch_t_test,0.2853713324209345,0.12922098321455075,hedges_g,0.7804125558549893,,0.9365557811338273,False
subject_level,sess2_t8_winstay,5,11,0.6466666666666667,0.27693204586087783,0.5,0.6015512265512266,0.3222297703464115,0.6666666666666666,0.04511544011544011,welch_t_test,0.2866131073715299,0.13761155286580512,hedges_g,0.7808515724589372,,0.9365557811338273,False
subject_level,vr_math_min_hr,6,12,73.5,9.954898291795853,74.0,75.0,12.015141961859475,73.0,-1.5,welch_t_test,-0.28074449688872805,-0.12518871998109998,hedges_g,0.7836745952352466,,0.9365557811338273,False
subject_level,post_vr_min_hr,6,9,68.33333333333333,9.605553948974867,71.0,66.88888888888889,9.96800436953712,69.0,1.4444444444444429,welch_t_test,0.28102935509086324,0.13829623101699412,hedges_g,0.7838294554706413,,0.9365557811338273,False
subject_level,sess2_t15,5,11,0.64,0.35777087639996635,0.7,0.5909090909090909,0.19211738835693895,0.6,0.049090909090909074,welch_t_test,0.28849381115190925,0.185010078105146,hedges_g,0.7843654666995803,,0.9365557811338273,False
subject_level,sess1_t3,6,12,0.6166666666666667,0.18348478592697182,0.6,0.6416666666666667,0.202072594216369,0.7,-0.025000000000000022,welch_t_test,-0.26332003763253237,-0.12119709770967207,hedges_g,0.7971472107157407,,0.9416443343646265,False
subject_level,pre_vr_median_hr,5,12,75.8,6.1400325732035,75.0,76.875,10.854670130241805,75.5,-1.0750000000000028,welch_t_test,-0.25801824957250086,-0.10389065366709528,hedges_g,0.8003976842099325,,0.9416443343646265,False
subject_level,sess2_t17,5,11,0.6,0.38078865529319544,0.8,0.5545454545454546,0.20180999164380523,0.5,0.045454545454545414,welch_t_test,0.25135468196065686,0.16183163471747902,hedges_g,0.8114412301506955,,0.9431955701997834,False
subject_level,vr_math_median_hr,6,12,84.5,7.687652437513028,85.5,85.58333333333333,11.524348400695201,83.5,-1.0833333333333286,welch_t_test,-0.23686816364517507,-0.09847342055979609,hedges_g,0.8161124310044965,,0.9431955701997834,False
subject_level,sess2_t8_loseswitch,5,11,0.4833333333333333,0.3836954811073779,0.5,0.44090909090909086,0.28590632074584194,0.3333333333333333,0.04242424242424242,welch_t_test,0.22092491758933241,0.12655454647036501,hedges_g,0.8323399505272561,,0.9431955701997834,False
subject_level,sess2_t4_loseswitch,5,11,0.53,0.14832396974191325,0.5,0.508982683982684,0.23636596041703478,0.6,0.021017316017316046,welch_t_test,0.21587197714444675,0.09245582951137099,hedges_g,0.8326808641046048,,0.9431955701997834,False
subject_level,overall_loseswitch_sess1,6,12,0.5159887015602888,0.1435945077888308,0.5330065359477124,0.5291548772093569,0.08470960814110974,0.5667735042735043,-0.01316617564906819,welch_t_test,-0.20728249058336753,-0.11755986569632663,hedges_g,0.8418613312426834,,0.9431955701997834,False
subject_level,sess1_t18_loseswitch,6,12,0.41111111111111104,0.2473563930550112,0.4,0.4375,0.33045155820972055,0.5,-0.02638888888888896,welch_t_test,-0.18996425554391472,-0.08188791774999564,hedges_g,0.8522389268702607,,0.9431955701997834,False
subject_level,sess1_t9,6,12,0.65,0.16431676725154984,0.6,0.6333333333333334,0.19694638556693236,0.6499999999999999,0.016666666666666607,welch_t_test,0.18953688962246737,0.0847188626288617,hedges_g,0.8528511127957192,,0.9431955701997834,False
subject_level,post_minus_pre_hr,5,9,0.8880343086680028,2.8833409340999996,0.4148716891682937,1.690919551225799,13.065899654023644,-2.6046962896175927,-0.8028852425577963,welch_t_test,-0.17676222590897908,-0.06961304076578412,hedges_g,0.8634766241277152,,0.9431955701997834,False
subject_level,sess2_t15_winstay,5,11,0.6666666666666667,0.31180478223116176,0.5,0.6935064935064935,0.23518480914963788,0.6,-0.026839826839826775,welch_t_test,-0.17156863361781075,-0.09782663710692671,hedges_g,0.8692648300514783,,0.9431955701997834,False
subject_level,sess1_t16_loseswitch,6,12,0.5166666666666667,0.3803507153492243,0.575,0.546031746031746,0.2998218624097707,0.55,-0.02936507936507926,welch_t_test,-0.16518570951033268,-0.08549288144692059,hedges_g,0.8727841336174312,,0.9431955701997834,False
subject_level,vr_speech_min_hr,6,12,71.33333333333333,9.973297682645729,69.0,72.08333333333333,10.157472245802222,68.5,-0.75,welch_t_test,-0.14947586607936023,-0.070719408084426,hedges_g,0.8840714814290929,,0.9431955701997834,False
subject_level,post_vr_mean_hr,6,9,77.72291194337231,5.220699203690122,77.67589168805321,76.99072531803428,13.937908126850632,75.46376811594203,0.7321866253380307,welch_t_test,0.14324241424443276,0.06043237865469715,hedges_g,0.8887016564175974,,0.9431955701997834,False
subject_level,sess1_t15_loseswitch,6,12,0.5178571428571429,0.385666516736311,0.5,0.494345238095238,0.1389816351845577,0.45,0.0235119047619049,welch_t_test,0.14470731931848874,0.09159913414686917,hedges_g,0.8899565472061032,,0.9431955701997834,False
subject_level,sess1_t2_loseswitch,6,11,0.7000000000000001,0.23664319132398462,0.6,0.7162337662337662,0.2421530835079363,0.75,-0.016233766233766156,welch_t_test,-0.13405777544527392,-0.0641130493375953,hedges_g,0.8958654694132133,,0.9431955701997834,False
subject_level,vr_math_mean_hr,6,12,85.22676804160496,7.827698389077159,85.7852787456446,85.83359073103155,11.710855738812667,84.12817227246892,-0.6068226894265933,welch_t_test,-0.13044424773989335,-0.054262548333612146,hedges_g,0.8980312292353136,,0.9431955701997834,False
subject_level,slope_post,5,11,0.006604747162022699,0.02089279965889734,0.0139318885448916,0.007871282484285553,0.006133034277139544,0.0074303405572755,-0.0012665353222628536,welch_t_test,-0.13297277181104938,-0.097259299024699,hedges_g,0.9001859285283589,,0.9431955701997834,False
subject_level,sess1_t18,6,12,0.65,0.2949576240750525,0.6,0.6666666666666666,0.1723280873710658,0.6499999999999999,-0.016666666666666607,welch_t_test,-0.12792254425305974,-0.0727506649249335,hedges_g,0.9019307640035429,,0.9431955701997834,False
subject_level,pre_vr_sd_hr,5,12,4.3600251444769516,2.092363077081198,4.061812097463302,4.481439711364222,1.4417183373146587,4.2429436166683985,-0.12141456688727015,welch_t_test,-0.1185557250565919,-0.07024101540992182,hedges_g,0.9097230918655078,,0.9451668486914367,False
subject_level,sess2_t2_winstay,5,11,0.65,0.4183300132670378,0.75,0.6287878787878788,0.28954858631736374,0.6666666666666666,0.021212121212121238,welch_t_test,0.10274693195558021,0.06050014530988837,hedges_g,0.9216114615520384,,0.9486200110845278,False
subject_level,post_vr_median_hr,6,9,77.83333333333333,4.2150523919242895,77.0,77.33333333333333,14.628738838327793,75.0,0.5,welch_t_test,0.09669373276245512,0.03998305564454855,hedges_g,0.9249045108074145,,0.9486200110845278,False
subject_level,post_vr_sd_hr,6,9,4.197950905530724,2.3824354529395966,3.6616159302237667,4.314906912529511,3.3883334344302165,3.5879652612792214,-0.11695600699878739,welch_t_test,-0.07846667300735288,-0.03619639428787534,hedges_g,0.9386602431770467,,0.9565964261676908,False
subject_level,post_vr_max_hr,6,9,86.5,6.59545297913646,86.5,86.22222222222223,16.307803176530076,83.0,0.27777777777777146,welch_t_test,0.04579069470111815,0.019465415067089688,hedges_g,0.9642751164555421,,0.9764811305878907,False
subject_level,pre_vr_max_hr,5,12,86.4,8.988882021697693,82.0,86.41666666666667,11.114759502026068,83.5,-0.01666666666666572,welch_t_test,-0.0032403827952433846,-0.0014938339921053373,hedges_g,0.9974827033051378,,1.0,False
subject_level,sess1_t7,6,12,0.5833333333333334,0.26394443859772204,0.55,0.5833333333333334,0.1585922922197518,0.6,0.0,welch_t_test,0.0,0.0,hedges_g,1.0,,1.0,False
