subject_id,file_key,phase,modality,file_path,file_exists,n_rows,n_columns,column_names,read_error
005,baseline_eeg,baseline,eeg,/Users/maddiemac/Puberty_VR/data/raw/subject_data/sub005/005_baseline_eeg.csv,True,996,59,TimeStamp; Delta_TP9; Delta_AF7; Delta_AF8; Delta_TP10; Theta_TP9; Theta_AF7; Theta_AF8; Theta_TP10; Alpha_TP9; Alpha_AF7; Alpha_AF8; Alpha_TP10; Beta_TP9; Beta_AF7; Beta_AF8; Beta_TP10; Gamma_TP9; Gamma_AF7; Gamma_AF8; Gamma_TP10; RAW_TP9; RAW_AF7; RAW_AF8; RAW_TP10; AUX_1; AUX_2; AUX_3; AUX_4; Accelerometer_X; Accelerometer_Y; Accelerometer_Z; Gyro_X; Gyro_Y; Gyro_Z; Optics1; Optics2; Optics3; Optics4; Optics5; Optics6; Optics7; Optics8; Optics9; Optics10; Optics11; Optics12; Optics13; Optics14; Optics15; Optics16; Heart_Rate; HeadBandOn; HSI_TP9; HSI_AF7; HSI_AF8; HSI_TP10; Battery; Elements,
005,pre_vr_eeg,pre_vr,eeg,/Users/maddiemac/Puberty_VR/data/raw/subject_data/sub005/005_pre_vr_eeg.csv,True,976,59,TimeStamp; Delta_TP9; Delta_AF7; Delta_AF8; Delta_TP10; Theta_TP9; Theta_AF7; Theta_AF8; Theta_TP10; Alpha_TP9; Alpha_AF7; Alpha_AF8; Alpha_TP10; Beta_TP9; Beta_AF7; Beta_AF8; Beta_TP10; Gamma_TP9; Gamma_AF7; Gamma_AF8; Gamma_TP10; RAW_TP9; RAW_AF7; RAW_AF8; RAW_TP10; AUX_1; AUX_2; AUX_3; AUX_4; Accelerometer_X; Accelerometer_Y; Accelerometer_Z; Gyro_X; Gyro_Y; Gyro_Z; Optics1; Optics2; Optics3; Optics4; Optics5; Optics6; Optics7; Optics8; Optics9; Optics10; Optics11; Optics12; Optics13; Optics14; Optics15; Optics16; Heart_Rate; HeadBandOn; HSI_TP9; HSI_AF7; HSI_AF8; HSI_TP10; Battery; Elements,
005,post_vr_eeg,post_vr,eeg,/Users/maddiemac/Puberty_VR/data/raw/subject_data/sub005/005_post_vr_eeg.csv,True,819,59,TimeStamp; Delta_TP9; Delta_AF7; Delta_AF8; Delta_TP10; Theta_TP9; Theta_AF7; Theta_AF8; Theta_TP10; Alpha_TP9; Alpha_AF7; Alpha_AF8; Alpha_TP10; Beta_TP9; Beta_AF7; Beta_AF8; Beta_TP10; Gamma_TP9; Gamma_AF7; Gamma_AF8; Gamma_TP10; RAW_TP9; RAW_AF7; RAW_AF8; RAW_TP10; AUX_1; AUX_2; AUX_3; AUX_4; Accelerometer_X; Accelerometer_Y; Accelerometer_Z; Gyro_X; Gyro_Y; Gyro_Z; Optics1; Optics2; Optics3; Optics4; Optics5; Optics6; Optics7; Optics8; Optics9; Optics10; Optics11; Optics12; Optics13; Optics14; Optics15; Optics16; Heart_Rate; HeadBandOn; HSI_TP9; HSI_AF7; HSI_AF8; HSI_TP10; Battery; Elements,
005,vr_math_eeg,vr_math,eeg,/Users/maddiemac/Puberty_VR/data/raw/subject_data/sub005/005_vr_math_eeg.csv,True,1111,59,TimeStamp; Delta_TP9; Delta_AF7; Delta_AF8; Delta_TP10; Theta_TP9; Theta_AF7; Theta_AF8; Theta_TP10; Alpha_TP9; Alpha_AF7; Alpha_AF8; Alpha_TP10; Beta_TP9; Beta_AF7; Beta_AF8; Beta_TP10; Gamma_TP9; Gamma_AF7; Gamma_AF8; Gamma_TP10; RAW_TP9; RAW_AF7; RAW_AF8; RAW_TP10; AUX_1; AUX_2; AUX_3; AUX_4; Accelerometer_X; Accelerometer_Y; Accelerometer_Z; Gyro_X; Gyro_Y; Gyro_Z; Optics1; Optics2; Optics3; Optics4; Optics5; Optics6; Optics7; Optics8; Optics9; Optics10; Optics11; Optics12; Optics13; Optics14; Optics15; Optics16; Heart_Rate; HeadBandOn; HSI_TP9; HSI_AF7; HSI_AF8; HSI_TP10; Battery; Elements,
005,vr_speech_eeg,vr_speech,eeg,/Users/maddiemac/Puberty_VR/data/raw/subject_data/sub005/005_vr_speech_eeg.csv,True,1322,59,TimeStamp; Delta_TP9; Delta_AF7; Delta_AF8; Delta_TP10; Theta_TP9; Theta_AF7; Theta_AF8; Theta_TP10; Alpha_TP9; Alpha_AF7; Alpha_AF8; Alpha_TP10; Beta_TP9; Beta_AF7; Beta_AF8; Beta_TP10; Gamma_TP9; Gamma_AF7; Gamma_AF8; Gamma_TP10; RAW_TP9; RAW_AF7; RAW_AF8; RAW_TP10; AUX_1; AUX_2; AUX_3; AUX_4; Accelerometer_X; Accelerometer_Y; Accelerometer_Z; Gyro_X; Gyro_Y; Gyro_Z; Optics1; Optics2; Optics3; Optics4; Optics5; Optics6; Optics7; Optics8; Optics9; Optics10; Optics11; Optics12; Optics13; Optics14; Optics15; Optics16; Heart_Rate; HeadBandOn; HSI_TP9; HSI_AF7; HSI_AF8; HSI_TP10; Battery; Elements,
005,plearning_1_eeg,plearning_1,eeg,/Users/maddiemac/Puberty_VR/data/raw/subject_data/sub005/005_plearning_1_eeg.csv,True,2469,59,TimeStamp; Delta_TP9; Delta_AF7; Delta_AF8; Delta_TP10; Theta_TP9; Theta_AF7; Theta_AF8; Theta_TP10; Alpha_TP9; Alpha_AF7; Alpha_AF8; Alpha_TP10; Beta_TP9; Beta_AF7; Beta_AF8; Beta_TP10; Gamma_TP9; Gamma_AF7; Gamma_AF8; Gamma_TP10; RAW_TP9; RAW_AF7; RAW_AF8; RAW_TP10; AUX_1; AUX_2; AUX_3; AUX_4; Accelerometer_X; Accelerometer_Y; Accelerometer_Z; Gyro_X; Gyro_Y; Gyro_Z; Optics1; Optics2; Optics3; Optics4; Optics5; Optics6; Optics7; Optics8; Optics9; Optics10; Optics11; Optics12; Optics13; Optics14; Optics15; Optics16; Heart_Rate; HeadBandOn; HSI_TP9; HSI_AF7; HSI_AF8; HSI_TP10; Battery; Elements,
005,plearning_2_eeg,plearning_2,eeg,/Users/maddiemac/Puberty_VR/data/raw/subject_data/sub005/005_plearning_2_eeg.csv,True,2906,59,TimeStamp; Delta_TP9; Delta_AF7; Delta_AF8; Delta_TP10; Theta_TP9; Theta_AF7; Theta_AF8; Theta_TP10; Alpha_TP9; Alpha_AF7; Alpha_AF8; Alpha_TP10; Beta_TP9; Beta_AF7; Beta_AF8; Beta_TP10; Gamma_TP9; Gamma_AF7; Gamma_AF8; Gamma_TP10; RAW_TP9; RAW_AF7; RAW_AF8; RAW_TP10; AUX_1; AUX_2; AUX_3; AUX_4; Accelerometer_X; Accelerometer_Y; Accelerometer_Z; Gyro_X; Gyro_Y; Gyro_Z; Optics1; Optics2; Optics3; Optics4; Optics5; Optics6; Optics7; Optics8; Optics9; Optics10; Optics11; Optics12; Optics13; Optics14; Optics15; Optics16; Heart_Rate; HeadBandOn; HSI_TP9; HSI_AF7; HSI_AF8; HSI_TP10; Battery; Elements,
007,baseline_eeg,baseline,eeg,/Users/maddiemac/Puberty_VR/data/raw/subject_data/sub007/007_baseline_eeg.csv,True,593,59,TimeStamp; Delta_TP9; Delta_AF7; Delta_AF8; Delta_TP10; Theta_TP9; Theta_AF7; Theta_AF8; Theta_TP10; Alpha_TP9; Alpha_AF7; Alpha_AF8; Alpha_TP10; Beta_TP9; Beta_AF7; Beta_AF8; Beta_TP10; Gamma_TP9; Gamma_AF7; Gamma_AF8; Gamma_TP10; RAW_TP9; RAW_AF7; RAW_AF8; RAW_TP10; AUX_1; AUX_2; AUX_3; AUX_4; Accelerometer_X; Accelerometer_Y; Accelerometer_Z; Gyro_X; Gyro_Y; Gyro_Z; Optics1; Optics2; Optics3; Optics4; Optics5; Optics6; Optics7; Optics8; Optics9; Optics10; Optics11; Optics12; Optics13; Optics14; Optics15; Optics16; Heart_Rate; HeadBandOn; HSI_TP9; HSI_AF7; HSI_AF8; HSI_TP10; Battery; Elements,
007,pre_vr_eeg,pre_vr,eeg,/Users/maddiemac/Puberty_VR/data/raw/subject_data/sub007/007_pre_vr_eeg.csv,True,355,29,Name; Sport; Date; Start time; Duration; Total distance (km); Average heart rate (bpm); Average speed (km/h); Max speed (km/h); Average pace (min/km); Max pace (min/km); Calories; Fat percentage of calories(%); Carbohydrate percentage of calories(%); Protein percentage of calories(%); Average cadence (rpm); Average stride length (cm); Running index; Training load; Ascent (m); Descent (m); Average power (W); Max power (W); Notes; Height (cm); Weight (kg); HR max; HR sit; VO2max,
007,recovery_eeg,recovery,eeg,/Users/maddiemac/Puberty_VR/data/raw/subject_data/sub007/007_recovery_eeg.csv,True,525,59,TimeStamp; Delta_TP9; Delta_AF7; Delta_AF8; Delta_TP10; Theta_TP9; Theta_AF7; Theta_AF8; Theta_TP10; Alpha_TP9; Alpha_AF7; Alpha_AF8; Alpha_TP10; Beta_TP9; Beta_AF7; Beta_AF8; Beta_TP10; Gamma_TP9; Gamma_AF7; Gamma_AF8; Gamma_TP10; RAW_TP9; RAW_AF7; RAW_AF8; RAW_TP10; AUX_1; AUX_2; AUX_3; AUX_4; Accelerometer_X; Accelerometer_Y; Accelerometer_Z; Gyro_X; Gyro_Y; Gyro_Z; Optics1; Optics2; Optics3; Optics4; Optics5; Optics6; Optics7; Optics8; Optics9; Optics10; Optics11; Optics12; Optics13; Optics14; Optics15; Optics16; Heart_Rate; HeadBandOn; HSI_TP9; HSI_AF7; HSI_AF8; HSI_TP10; Battery; Elements,
010,baseline_eeg,baseline,eeg,/Users/maddiemac/Puberty_VR/data/raw/subject_data/sub010/010_baseline_eeg.csv,True,1029,59,TimeStamp; Delta_TP9; Delta_AF7; Delta_AF8; Delta_TP10; Theta_TP9; Theta_AF7; Theta_AF8; Theta_TP10; Alpha_TP9; Alpha_AF7; Alpha_AF8; Alpha_TP10; Beta_TP9; Beta_AF7; Beta_AF8; Beta_TP10; Gamma_TP9; Gamma_AF7; Gamma_AF8; Gamma_TP10; RAW_TP9; RAW_AF7; RAW_AF8; RAW_TP10; AUX_1; AUX_2; AUX_3; AUX_4; Accelerometer_X; Accelerometer_Y; Accelerometer_Z; Gyro_X; Gyro_Y; Gyro_Z; Optics1; Optics2; Optics3; Optics4; Optics5; Optics6; Optics7; Optics8; Optics9; Optics10; Optics11; Optics12; Optics13; Optics14; Optics15; Optics16; Heart_Rate; HeadBandOn; HSI_TP9; HSI_AF7; HSI_AF8; HSI_TP10; Battery; Elements,
010,pre_vr_eeg,pre_vr,eeg,/Users/maddiemac/Puberty_VR/data/raw/subject_data/sub010/010_pre_vr_eeg.csv,True,660,59,TimeStamp; Delta_TP9; Delta_AF7; Delta_AF8; Delta_TP10; Theta_TP9; Theta_AF7; Theta_AF8; Theta_TP10; Alpha_TP9; Alpha_AF7; Alpha_AF8; Alpha_TP10; Beta_TP9; Beta_AF7; Beta_AF8; Beta_TP10; Gamma_TP9; Gamma_AF7; Gamma_AF8; Gamma_TP10; RAW_TP9; RAW_AF7; RAW_AF8; RAW_TP10; AUX_1; AUX_2; AUX_3; AUX_4; Accelerometer_X; Accelerometer_Y; Accelerometer_Z; Gyro_X; Gyro_Y; Gyro_Z; Optics1; Optics2; Optics3; Optics4; Optics5; Optics6; Optics7; Optics8; Optics9; Optics10; Optics11; Optics12; Optics13; Optics14; Optics15; Optics16; Heart_Rate; HeadBandOn; HSI_TP9; HSI_AF7; HSI_AF8; HSI_TP10; Battery; Elements,
010,post_vr_eeg,post_vr,eeg,/Users/maddiemac/Puberty_VR/data/raw/subject_data/sub010/010_post_vr_eeg.csv,True,676,59,TimeStamp; Delta_TP9; Delta_AF7; Delta_AF8; Delta_TP10; Theta_TP9; Theta_AF7; Theta_AF8; Theta_TP10; Alpha_TP9; Alpha_AF7; Alpha_AF8; Alpha_TP10; Beta_TP9; Beta_AF7; Beta_AF8; Beta_TP10; Gamma_TP9; Gamma_AF7; Gamma_AF8; Gamma_TP10; RAW_TP9; RAW_AF7; RAW_AF8; RAW_TP10; AUX_1; AUX_2; AUX_3; AUX_4; Accelerometer_X; Accelerometer_Y; Accelerometer_Z; Gyro_X; Gyro_Y; Gyro_Z; Optics1; Optics2; Optics3; Optics4; Optics5; Optics6; Optics7; Optics8; Optics9; Optics10; Optics11; Optics12; Optics13; Optics14; Optics15; Optics16; Heart_Rate; HeadBandOn; HSI_TP9; HSI_AF7; HSI_AF8; HSI_TP10; Battery; Elements,
010,recovery_eeg,recovery,eeg,/Users/maddiemac/Puberty_VR/data/raw/subject_data/sub010/010_recovery_eeg.csv,True,803,59,TimeStamp; Delta_TP9; Delta_AF7; Delta_AF8; Delta_TP10; Theta_TP9; Theta_AF7; Theta_AF8; Theta_TP10; Alpha_TP9; Alpha_AF7; Alpha_AF8; Alpha_TP10; Beta_TP9; Beta_AF7; Beta_AF8; Beta_TP10; Gamma_TP9; Gamma_AF7; Gamma_AF8; Gamma_TP10; RAW_TP9; RAW_AF7; RAW_AF8; RAW_TP10; AUX_1; AUX_2; AUX_3; AUX_4; Accelerometer_X; Accelerometer_Y; Accelerometer_Z; Gyro_X; Gyro_Y; Gyro_Z; Optics1; Optics2; Optics3; Optics4; Optics5; Optics6; Optics7; Optics8; Optics9; Optics10; Optics11; Optics12; Optics13; Optics14; Optics15; Optics16; Heart_Rate; HeadBandOn; HSI_TP9; HSI_AF7; HSI_AF8; HSI_TP10; Battery; Elements,
012,baseline_eeg,baseline,eeg,/Users/maddiemac/Puberty_VR/data/raw/subject_data/sub012/012_baseline_eeg.csv,True,489,59,TimeStamp; Delta_TP9; Delta_AF7; Delta_AF8; Delta_TP10; Theta_TP9; Theta_AF7; Theta_AF8; Theta_TP10; Alpha_TP9; Alpha_AF7; Alpha_AF8; Alpha_TP10; Beta_TP9; Beta_AF7; Beta_AF8; Beta_TP10; Gamma_TP9; Gamma_AF7; Gamma_AF8; Gamma_TP10; RAW_TP9; RAW_AF7; RAW_AF8; RAW_TP10; AUX_1; AUX_2; AUX_3; AUX_4; Accelerometer_X; Accelerometer_Y; Accelerometer_Z; Gyro_X; Gyro_Y; Gyro_Z; Optics1; Optics2; Optics3; Optics4; Optics5; Optics6; Optics7; Optics8; Optics9; Optics10; Optics11; Optics12; Optics13; Optics14; Optics15; Optics16; Heart_Rate; HeadBandOn; HSI_TP9; HSI_AF7; HSI_AF8; HSI_TP10; Battery; Elements,
012,pre_vr_eeg,pre_vr,eeg,/Users/maddiemac/Puberty_VR/data/raw/subject_data/sub012/012_pre_vr_eeg.csv,True,401,59,TimeStamp; Delta_TP9; Delta_AF7; Delta_AF8; Delta_TP10; Theta_TP9; Theta_AF7; Theta_AF8; Theta_TP10; Alpha_TP9; Alpha_AF7; Alpha_AF8; Alpha_TP10; Beta_TP9; Beta_AF7; Beta_AF8; Beta_TP10; Gamma_TP9; Gamma_AF7; Gamma_AF8; Gamma_TP10; RAW_TP9; RAW_AF7; RAW_AF8; RAW_TP10; AUX_1; AUX_2; AUX_3; AUX_4; Accelerometer_X; Accelerometer_Y; Accelerometer_Z; Gyro_X; Gyro_Y; Gyro_Z; Optics1; Optics2; Optics3; Optics4; Optics5; Optics6; Optics7; Optics8; Optics9; Optics10; Optics11; Optics12; Optics13; Optics14; Optics15; Optics16; Heart_Rate; HeadBandOn; HSI_TP9; HSI_AF7; HSI_AF8; HSI_TP10; Battery; Elements,
012,recovery_eeg,recovery,eeg,/Users/maddiemac/Puberty_VR/data/raw/subject_data/sub012/012_recovery_eeg.csv,True,567,59,TimeStamp; Delta_TP9; Delta_AF7; Delta_AF8; Delta_TP10; Theta_TP9; Theta_AF7; Theta_AF8; Theta_TP10; Alpha_TP9; Alpha_AF7; Alpha_AF8; Alpha_TP10; Beta_TP9; Beta_AF7; Beta_AF8; Beta_TP10; Gamma_TP9; Gamma_AF7; Gamma_AF8; Gamma_TP10; RAW_TP9; RAW_AF7; RAW_AF8; RAW_TP10; AUX_1; AUX_2; AUX_3; AUX_4; Accelerometer_X; Accelerometer_Y; Accelerometer_Z; Gyro_X; Gyro_Y; Gyro_Z; Optics1; Optics2; Optics3; Optics4; Optics5; Optics6; Optics7; Optics8; Optics9; Optics10; Optics11; Optics12; Optics13; Optics14; Optics15; Optics16; Heart_Rate; HeadBandOn; HSI_TP9; HSI_AF7; HSI_AF8; HSI_TP10; Battery; Elements,
013,baseline_eeg,baseline,eeg,/Users/maddiemac/Puberty_VR/data/raw/subject_data/sub013/013_baseline_eeg.csv,True,1011,59,TimeStamp; Delta_TP9; Delta_AF7; Delta_AF8; Delta_TP10; Theta_TP9; Theta_AF7; Theta_AF8; Theta_TP10; Alpha_TP9; Alpha_AF7; Alpha_AF8; Alpha_TP10; Beta_TP9; Beta_AF7; Beta_AF8; Beta_TP10; Gamma_TP9; Gamma_AF7; Gamma_AF8; Gamma_TP10; RAW_TP9; RAW_AF7; RAW_AF8; RAW_TP10; AUX_1; AUX_2; AUX_3; AUX_4; Accelerometer_X; Accelerometer_Y; Accelerometer_Z; Gyro_X; Gyro_Y; Gyro_Z; Optics1; Optics2; Optics3; Optics4; Optics5; Optics6; Optics7; Optics8; Optics9; Optics10; Optics11; Optics12; Optics13; Optics14; Optics15; Optics16; Heart_Rate; HeadBandOn; HSI_TP9; HSI_AF7; HSI_AF8; HSI_TP10; Battery; Elements,
013,pre_vr_eeg,pre_vr,eeg,/Users/maddiemac/Puberty_VR/data/raw/subject_data/sub013/013_pre_vr_eeg.csv,True,557,59,TimeStamp; Delta_TP9; Delta_AF7; Delta_AF8; Delta_TP10; Theta_TP9; Theta_AF7; Theta_AF8; Theta_TP10; Alpha_TP9; Alpha_AF7; Alpha_AF8; Alpha_TP10; Beta_TP9; Beta_AF7; Beta_AF8; Beta_TP10; Gamma_TP9; Gamma_AF7; Gamma_AF8; Gamma_TP10; RAW_TP9; RAW_AF7; RAW_AF8; RAW_TP10; AUX_1; AUX_2; AUX_3; AUX_4; Accelerometer_X; Accelerometer_Y; Accelerometer_Z; Gyro_X; Gyro_Y; Gyro_Z; Optics1; Optics2; Optics3; Optics4; Optics5; Optics6; Optics7; Optics8; Optics9; Optics10; Optics11; Optics12; Optics13; Optics14; Optics15; Optics16; Heart_Rate; HeadBandOn; HSI_TP9; HSI_AF7; HSI_AF8; HSI_TP10; Battery; Elements,
013,post_vr_eeg,post_vr,eeg,/Users/maddiemac/Puberty_VR/data/raw/subject_data/sub013/013_post_vr_eeg.csv,True,520,59,TimeStamp; Delta_TP9; Delta_AF7; Delta_AF8; Delta_TP10; Theta_TP9; Theta_AF7; Theta_AF8; Theta_TP10; Alpha_TP9; Alpha_AF7; Alpha_AF8; Alpha_TP10; Beta_TP9; Beta_AF7; Beta_AF8; Beta_TP10; Gamma_TP9; Gamma_AF7; Gamma_AF8; Gamma_TP10; RAW_TP9; RAW_AF7; RAW_AF8; RAW_TP10; AUX_1; AUX_2; AUX_3; AUX_4; Accelerometer_X; Accelerometer_Y; Accelerometer_Z; Gyro_X; Gyro_Y; Gyro_Z; Optics1; Optics2; Optics3; Optics4; Optics5; Optics6; Optics7; Optics8; Optics9; Optics10; Optics11; Optics12; Optics13; Optics14; Optics15; Optics16; Heart_Rate; HeadBandOn; HSI_TP9; HSI_AF7; HSI_AF8; HSI_TP10; Battery; Elements,
013,recovery_eeg,recovery,eeg,/Users/maddiemac/Puberty_VR/data/raw/subject_data/sub013/013_recovery_eeg.csv,True,635,59,TimeStamp; Delta_TP9; Delta_AF7; Delta_AF8; Delta_TP10; Theta_TP9; Theta_AF7; Theta_AF8; Theta_TP10; Alpha_TP9; Alpha_AF7; Alpha_AF8; Alpha_TP10; Beta_TP9; Beta_AF7; Beta_AF8; Beta_TP10; Gamma_TP9; Gamma_AF7; Gamma_AF8; Gamma_TP10; RAW_TP9; RAW_AF7; RAW_AF8; RAW_TP10; AUX_1; AUX_2; AUX_3; AUX_4; Accelerometer_X; Accelerometer_Y; Accelerometer_Z; Gyro_X; Gyro_Y; Gyro_Z; Optics1; Optics2; Optics3; Optics4; Optics5; Optics6; Optics7; Optics8; Optics9; Optics10; Optics11; Optics12; Optics13; Optics14; Optics15; Optics16; Heart_Rate; HeadBandOn; HSI_TP9; HSI_AF7; HSI_AF8; HSI_TP10; Battery; Elements,
014,baseline_eeg,baseline,eeg,/Users/maddiemac/Puberty_VR/data/raw/subject_data/sub014/014_baseline_eeg.csv,True,426,59,TimeStamp; Delta_TP9; Delta_AF7; Delta_AF8; Delta_TP10; Theta_TP9; Theta_AF7; Theta_AF8; Theta_TP10; Alpha_TP9; Alpha_AF7; Alpha_AF8; Alpha_TP10; Beta_TP9; Beta_AF7; Beta_AF8; Beta_TP10; Gamma_TP9; Gamma_AF7; Gamma_AF8; Gamma_TP10; RAW_TP9; RAW_AF7; RAW_AF8; RAW_TP10; AUX_1; AUX_2; AUX_3; AUX_4; Accelerometer_X; Accelerometer_Y; Accelerometer_Z; Gyro_X; Gyro_Y; Gyro_Z; Optics1; Optics2; Optics3; Optics4; Optics5; Optics6; Optics7; Optics8; Optics9; Optics10; Optics11; Optics12; Optics13; Optics14; Optics15; Optics16; Heart_Rate; HeadBandOn; HSI_TP9; HSI_AF7; HSI_AF8; HSI_TP10; Battery; Elements,
014,pre_vr_eeg,pre_vr,eeg,/Users/maddiemac/Puberty_VR/data/raw/subject_data/sub014/014_pre_vr_eeg.csv,True,963,59,TimeStamp; Delta_TP9; Delta_AF7; Delta_AF8; Delta_TP10; Theta_TP9; Theta_AF7; Theta_AF8; Theta_TP10; Alpha_TP9; Alpha_AF7; Alpha_AF8; Alpha_TP10; Beta_TP9; Beta_AF7; Beta_AF8; Beta_TP10; Gamma_TP9; Gamma_AF7; Gamma_AF8; Gamma_TP10; RAW_TP9; RAW_AF7; RAW_AF8; RAW_TP10; AUX_1; AUX_2; AUX_3; AUX_4; Accelerometer_X; Accelerometer_Y; Accelerometer_Z; Gyro_X; Gyro_Y; Gyro_Z; Optics1; Optics2; Optics3; Optics4; Optics5; Optics6; Optics7; Optics8; Optics9; Optics10; Optics11; Optics12; Optics13; Optics14; Optics15; Optics16; Heart_Rate; HeadBandOn; HSI_TP9; HSI_AF7; HSI_AF8; HSI_TP10; Battery; Elements,
014,post_vr_eeg,post_vr,eeg,/Users/maddiemac/Puberty_VR/data/raw/subject_data/sub014/014_post_vr_eeg.csv,True,690,59,TimeStamp; Delta_TP9; Delta_AF7; Delta_AF8; Delta_TP10; Theta_TP9; Theta_AF7; Theta_AF8; Theta_TP10; Alpha_TP9; Alpha_AF7; Alpha_AF8; Alpha_TP10; Beta_TP9; Beta_AF7; Beta_AF8; Beta_TP10; Gamma_TP9; Gamma_AF7; Gamma_AF8; Gamma_TP10; RAW_TP9; RAW_AF7; RAW_AF8; RAW_TP10; AUX_1; AUX_2; AUX_3; AUX_4; Accelerometer_X; Accelerometer_Y; Accelerometer_Z; Gyro_X; Gyro_Y; Gyro_Z; Optics1; Optics2; Optics3; Optics4; Optics5; Optics6; Optics7; Optics8; Optics9; Optics10; Optics11; Optics12; Optics13; Optics14; Optics15; Optics16; Heart_Rate; HeadBandOn; HSI_TP9; HSI_AF7; HSI_AF8; HSI_TP10; Battery; Elements,
014,recovery_eeg,recovery,eeg,/Users/maddiemac/Puberty_VR/data/raw/subject_data/sub014/014_recovery_eeg.csv,True,469,59,TimeStamp; Delta_TP9; Delta_AF7; Delta_AF8; Delta_TP10; Theta_TP9; Theta_AF7; Theta_AF8; Theta_TP10; Alpha_TP9; Alpha_AF7; Alpha_AF8; Alpha_TP10; Beta_TP9; Beta_AF7; Beta_AF8; Beta_TP10; Gamma_TP9; Gamma_AF7; Gamma_AF8; Gamma_TP10; RAW_TP9; RAW_AF7; RAW_AF8; RAW_TP10; AUX_1; AUX_2; AUX_3; AUX_4; Accelerometer_X; Accelerometer_Y; Accelerometer_Z; Gyro_X; Gyro_Y; Gyro_Z; Optics1; Optics2; Optics3; Optics4; Optics5; Optics6; Optics7; Optics8; Optics9; Optics10; Optics11; Optics12; Optics13; Optics14; Optics15; Optics16; Heart_Rate; HeadBandOn; HSI_TP9; HSI_AF7; HSI_AF8; HSI_TP10; Battery; Elements,
015,baseline_eeg,baseline,eeg,/Users/maddiemac/Puberty_VR/data/raw/subject_data/sub015/015_baseline_eeg.csv,True,850,59,TimeStamp; Delta_TP9; Delta_AF7; Delta_AF8; Delta_TP10; Theta_TP9; Theta_AF7; Theta_AF8; Theta_TP10; Alpha_TP9; Alpha_AF7; Alpha_AF8; Alpha_TP10; Beta_TP9; Beta_AF7; Beta_AF8; Beta_TP10; Gamma_TP9; Gamma_AF7; Gamma_AF8; Gamma_TP10; RAW_TP9; RAW_AF7; RAW_AF8; RAW_TP10; AUX_1; AUX_2; AUX_3; AUX_4; Accelerometer_X; Accelerometer_Y; Accelerometer_Z; Gyro_X; Gyro_Y; Gyro_Z; Optics1; Optics2; Optics3; Optics4; Optics5; Optics6; Optics7; Optics8; Optics9; Optics10; Optics11; Optics12; Optics13; Optics14; Optics15; Optics16; Heart_Rate; HeadBandOn; HSI_TP9; HSI_AF7; HSI_AF8; HSI_TP10; Battery; Elements,
015,pre_vr_eeg,pre_vr,eeg,/Users/maddiemac/Puberty_VR/data/raw/subject_data/sub015/015_pre_vr_eeg.csv,True,885,59,TimeStamp; Delta_TP9; Delta_AF7; Delta_AF8; Delta_TP10; Theta_TP9; Theta_AF7; Theta_AF8; Theta_TP10; Alpha_TP9; Alpha_AF7; Alpha_AF8; Alpha_TP10; Beta_TP9; Beta_AF7; Beta_AF8; Beta_TP10; Gamma_TP9; Gamma_AF7; Gamma_AF8; Gamma_TP10; RAW_TP9; RAW_AF7; RAW_AF8; RAW_TP10; AUX_1; AUX_2; AUX_3; AUX_4; Accelerometer_X; Accelerometer_Y; Accelerometer_Z; Gyro_X; Gyro_Y; Gyro_Z; Optics1; Optics2; Optics3; Optics4; Optics5; Optics6; Optics7; Optics8; Optics9; Optics10; Optics11; Optics12; Optics13; Optics14; Optics15; Optics16; Heart_Rate; HeadBandOn; HSI_TP9; HSI_AF7; HSI_AF8; HSI_TP10; Battery; Elements,
015,post_vr_eeg,post_vr,eeg,/Users/maddiemac/Puberty_VR/data/raw/subject_data/sub015/015_post_vr_eeg.csv,True,891,59,TimeStamp; Delta_TP9; Delta_AF7; Delta_AF8; Delta_TP10; Theta_TP9; Theta_AF7; Theta_AF8; Theta_TP10; Alpha_TP9; Alpha_AF7; Alpha_AF8; Alpha_TP10; Beta_TP9; Beta_AF7; Beta_AF8; Beta_TP10; Gamma_TP9; Gamma_AF7; Gamma_AF8; Gamma_TP10; RAW_TP9; RAW_AF7; RAW_AF8; RAW_TP10; AUX_1; AUX_2; AUX_3; AUX_4; Accelerometer_X; Accelerometer_Y; Accelerometer_Z; Gyro_X; Gyro_Y; Gyro_Z; Optics1; Optics2; Optics3; Optics4; Optics5; Optics6; Optics7; Optics8; Optics9; Optics10; Optics11; Optics12; Optics13; Optics14; Optics15; Optics16; Heart_Rate; HeadBandOn; HSI_TP9; HSI_AF7; HSI_AF8; HSI_TP10; Battery; Elements,
015,recovery_eeg,recovery,eeg,/Users/maddiemac/Puberty_VR/data/raw/subject_data/sub015/015_recovery_eeg.csv,True,816,59,TimeStamp; Delta_TP9; Delta_AF7; Delta_AF8; Delta_TP10; Theta_TP9; Theta_AF7; Theta_AF8; Theta_TP10; Alpha_TP9; Alpha_AF7; Alpha_AF8; Alpha_TP10; Beta_TP9; Beta_AF7; Beta_AF8; Beta_TP10; Gamma_TP9; Gamma_AF7; Gamma_AF8; Gamma_TP10; RAW_TP9; RAW_AF7; RAW_AF8; RAW_TP10; AUX_1; AUX_2; AUX_3; AUX_4; Accelerometer_X; Accelerometer_Y; Accelerometer_Z; Gyro_X; Gyro_Y; Gyro_Z; Optics1; Optics2; Optics3; Optics4; Optics5; Optics6; Optics7; Optics8; Optics9; Optics10; Optics11; Optics12; Optics13; Optics14; Optics15; Optics16; Heart_Rate; HeadBandOn; HSI_TP9; HSI_AF7; HSI_AF8; HSI_TP10; Battery; Elements,
016,baseline_eeg,baseline,eeg,/Users/maddiemac/Puberty_VR/data/raw/subject_data/sub016/016_baseline_eeg.csv,True,762,59,TimeStamp; Delta_TP9; Delta_AF7; Delta_AF8; Delta_TP10; Theta_TP9; Theta_AF7; Theta_AF8; Theta_TP10; Alpha_TP9; Alpha_AF7; Alpha_AF8; Alpha_TP10; Beta_TP9; Beta_AF7; Beta_AF8; Beta_TP10; Gamma_TP9; Gamma_AF7; Gamma_AF8; Gamma_TP10; RAW_TP9; RAW_AF7; RAW_AF8; RAW_TP10; AUX_1; AUX_2; AUX_3; AUX_4; Accelerometer_X; Accelerometer_Y; Accelerometer_Z; Gyro_X; Gyro_Y; Gyro_Z; Optics1; Optics2; Optics3; Optics4; Optics5; Optics6; Optics7; Optics8; Optics9; Optics10; Optics11; Optics12; Optics13; Optics14; Optics15; Optics16; Heart_Rate; HeadBandOn; HSI_TP9; HSI_AF7; HSI_AF8; HSI_TP10; Battery; Elements,
016,pre_vr_eeg,pre_vr,eeg,/Users/maddiemac/Puberty_VR/data/raw/subject_data/sub016/016_pre_vr_eeg.csv,True,752,59,TimeStamp; Delta_TP9; Delta_AF7; Delta_AF8; Delta_TP10; Theta_TP9; Theta_AF7; Theta_AF8; Theta_TP10; Alpha_TP9; Alpha_AF7; Alpha_AF8; Alpha_TP10; Beta_TP9; Beta_AF7; Beta_AF8; Beta_TP10; Gamma_TP9; Gamma_AF7; Gamma_AF8; Gamma_TP10; RAW_TP9; RAW_AF7; RAW_AF8; RAW_TP10; AUX_1; AUX_2; AUX_3; AUX_4; Accelerometer_X; Accelerometer_Y; Accelerometer_Z; Gyro_X; Gyro_Y; Gyro_Z; Optics1; Optics2; Optics3; Optics4; Optics5; Optics6; Optics7; Optics8; Optics9; Optics10; Optics11; Optics12; Optics13; Optics14; Optics15; Optics16; Heart_Rate; HeadBandOn; HSI_TP9; HSI_AF7; HSI_AF8; HSI_TP10; Battery; Elements,
016,post_vr_eeg,post_vr,eeg,/Users/maddiemac/Puberty_VR/data/raw/subject_data/sub016/016_post_vr_eeg.csv,True,818,59,TimeStamp; Delta_TP9; Delta_AF7; Delta_AF8; Delta_TP10; Theta_TP9; Theta_AF7; Theta_AF8; Theta_TP10; Alpha_TP9; Alpha_AF7; Alpha_AF8; Alpha_TP10; Beta_TP9; Beta_AF7; Beta_AF8; Beta_TP10; Gamma_TP9; Gamma_AF7; Gamma_AF8; Gamma_TP10; RAW_TP9; RAW_AF7; RAW_AF8; RAW_TP10; AUX_1; AUX_2; AUX_3; AUX_4; Accelerometer_X; Accelerometer_Y; Accelerometer_Z; Gyro_X; Gyro_Y; Gyro_Z; Optics1; Optics2; Optics3; Optics4; Optics5; Optics6; Optics7; Optics8; Optics9; Optics10; Optics11; Optics12; Optics13; Optics14; Optics15; Optics16; Heart_Rate; HeadBandOn; HSI_TP9; HSI_AF7; HSI_AF8; HSI_TP10; Battery; Elements,
016,recovery_eeg,recovery,eeg,/Users/maddiemac/Puberty_VR/data/raw/subject_data/sub016/016_recovery_eeg.csv,True,704,59,TimeStamp; Delta_TP9; Delta_AF7; Delta_AF8; Delta_TP10; Theta_TP9; Theta_AF7; Theta_AF8; Theta_TP10; Alpha_TP9; Alpha_AF7; Alpha_AF8; Alpha_TP10; Beta_TP9; Beta_AF7; Beta_AF8; Beta_TP10; Gamma_TP9; Gamma_AF7; Gamma_AF8; Gamma_TP10; RAW_TP9; RAW_AF7; RAW_AF8; RAW_TP10; AUX_1; AUX_2; AUX_3; AUX_4; Accelerometer_X; Accelerometer_Y; Accelerometer_Z; Gyro_X; Gyro_Y; Gyro_Z; Optics1; Optics2; Optics3; Optics4; Optics5; Optics6; Optics7; Optics8; Optics9; Optics10; Optics11; Optics12; Optics13; Optics14; Optics15; Optics16; Heart_Rate; HeadBandOn; HSI_TP9; HSI_AF7; HSI_AF8; HSI_TP10; Battery; Elements,
018,baseline_eeg,baseline,eeg,/Users/maddiemac/Puberty_VR/data/raw/subject_data/sub018/018_baseline_eeg.csv,True,1026,59,TimeStamp; Delta_TP9; Delta_AF7; Delta_AF8; Delta_TP10; Theta_TP9; Theta_AF7; Theta_AF8; Theta_TP10; Alpha_TP9; Alpha_AF7; Alpha_AF8; Alpha_TP10; Beta_TP9; Beta_AF7; Beta_AF8; Beta_TP10; Gamma_TP9; Gamma_AF7; Gamma_AF8; Gamma_TP10; RAW_TP9; RAW_AF7; RAW_AF8; RAW_TP10; AUX_1; AUX_2; AUX_3; AUX_4; Accelerometer_X; Accelerometer_Y; Accelerometer_Z; Gyro_X; Gyro_Y; Gyro_Z; Optics1; Optics2; Optics3; Optics4; Optics5; Optics6; Optics7; Optics8; Optics9; Optics10; Optics11; Optics12; Optics13; Optics14; Optics15; Optics16; Heart_Rate; HeadBandOn; HSI_TP9; HSI_AF7; HSI_AF8; HSI_TP10; Battery; Elements,
018,pre_vr_eeg,pre_vr,eeg,/Users/maddiemac/Puberty_VR/data/raw/subject_data/sub018/018_pre_vr_eeg.csv,True,729,59,TimeStamp; Delta_TP9; Delta_AF7; Delta_AF8; Delta_TP10; Theta_TP9; Theta_AF7; Theta_AF8; Theta_TP10; Alpha_TP9; Alpha_AF7; Alpha_AF8; Alpha_TP10; Beta_TP9; Beta_AF7; Beta_AF8; Beta_TP10; Gamma_TP9; Gamma_AF7; Gamma_AF8; Gamma_TP10; RAW_TP9; RAW_AF7; RAW_AF8; RAW_TP10; AUX_1; AUX_2; AUX_3; AUX_4; Accelerometer_X; Accelerometer_Y; Accelerometer_Z; Gyro_X; Gyro_Y; Gyro_Z; Optics1; Optics2; Optics3; Optics4; Optics5; Optics6; Optics7; Optics8; Optics9; Optics10; Optics11; Optics12; Optics13; Optics14; Optics15; Optics16; Heart_Rate; HeadBandOn; HSI_TP9; HSI_AF7; HSI_AF8; HSI_TP10; Battery; Elements,
018,post_vr_eeg,post_vr,eeg,/Users/maddiemac/Puberty_VR/data/raw/subject_data/sub018/018_post_vr_eeg.csv,True,970,59,TimeStamp; Delta_TP9; Delta_AF7; Delta_AF8; Delta_TP10; Theta_TP9; Theta_AF7; Theta_AF8; Theta_TP10; Alpha_TP9; Alpha_AF7; Alpha_AF8; Alpha_TP10; Beta_TP9; Beta_AF7; Beta_AF8; Beta_TP10; Gamma_TP9; Gamma_AF7; Gamma_AF8; Gamma_TP10; RAW_TP9; RAW_AF7; RAW_AF8; RAW_TP10; AUX_1; AUX_2; AUX_3; AUX_4; Accelerometer_X; Accelerometer_Y; Accelerometer_Z; Gyro_X; Gyro_Y; Gyro_Z; Optics1; Optics2; Optics3; Optics4; Optics5; Optics6; Optics7; Optics8; Optics9; Optics10; Optics11; Optics12; Optics13; Optics14; Optics15; Optics16; Heart_Rate; HeadBandOn; HSI_TP9; HSI_AF7; HSI_AF8; HSI_TP10; Battery; Elements,
018,recovery_eeg,recovery,eeg,/Users/maddiemac/Puberty_VR/data/raw/subject_data/sub018/018_recovery_eeg.csv,True,517,59,TimeStamp; Delta_TP9; Delta_AF7; Delta_AF8; Delta_TP10; Theta_TP9; Theta_AF7; Theta_AF8; Theta_TP10; Alpha_TP9; Alpha_AF7; Alpha_AF8; Alpha_TP10; Beta_TP9; Beta_AF7; Beta_AF8; Beta_TP10; Gamma_TP9; Gamma_AF7; Gamma_AF8; Gamma_TP10; RAW_TP9; RAW_AF7; RAW_AF8; RAW_TP10; AUX_1; AUX_2; AUX_3; AUX_4; Accelerometer_X; Accelerometer_Y; Accelerometer_Z; Gyro_X; Gyro_Y; Gyro_Z; Optics1; Optics2; Optics3; Optics4; Optics5; Optics6; Optics7; Optics8; Optics9; Optics10; Optics11; Optics12; Optics13; Optics14; Optics15; Optics16; Heart_Rate; HeadBandOn; HSI_TP9; HSI_AF7; HSI_AF8; HSI_TP10; Battery; Elements,
019,baseline_eeg,baseline,eeg,/Users/maddiemac/Puberty_VR/data/raw/subject_data/sub019/019_baseline_eeg.csv,True,494,59,TimeStamp; Delta_TP9; Delta_AF7; Delta_AF8; Delta_TP10; Theta_TP9; Theta_AF7; Theta_AF8; Theta_TP10; Alpha_TP9; Alpha_AF7; Alpha_AF8; Alpha_TP10; Beta_TP9; Beta_AF7; Beta_AF8; Beta_TP10; Gamma_TP9; Gamma_AF7; Gamma_AF8; Gamma_TP10; RAW_TP9; RAW_AF7; RAW_AF8; RAW_TP10; AUX_1; AUX_2; AUX_3; AUX_4; Accelerometer_X; Accelerometer_Y; Accelerometer_Z; Gyro_X; Gyro_Y; Gyro_Z; Optics1; Optics2; Optics3; Optics4; Optics5; Optics6; Optics7; Optics8; Optics9; Optics10; Optics11; Optics12; Optics13; Optics14; Optics15; Optics16; Heart_Rate; HeadBandOn; HSI_TP9; HSI_AF7; HSI_AF8; HSI_TP10; Battery; Elements,
019,pre_vr_eeg,pre_vr,eeg,/Users/maddiemac/Puberty_VR/data/raw/subject_data/sub019/019_pre_vr_eeg.csv,True,914,59,TimeStamp; Delta_TP9; Delta_AF7; Delta_AF8; Delta_TP10; Theta_TP9; Theta_AF7; Theta_AF8; Theta_TP10; Alpha_TP9; Alpha_AF7; Alpha_AF8; Alpha_TP10; Beta_TP9; Beta_AF7; Beta_AF8; Beta_TP10; Gamma_TP9; Gamma_AF7; Gamma_AF8; Gamma_TP10; RAW_TP9; RAW_AF7; RAW_AF8; RAW_TP10; AUX_1; AUX_2; AUX_3; AUX_4; Accelerometer_X; Accelerometer_Y; Accelerometer_Z; Gyro_X; Gyro_Y; Gyro_Z; Optics1; Optics2; Optics3; Optics4; Optics5; Optics6; Optics7; Optics8; Optics9; Optics10; Optics11; Optics12; Optics13; Optics14; Optics15; Optics16; Heart_Rate; HeadBandOn; HSI_TP9; HSI_AF7; HSI_AF8; HSI_TP10; Battery; Elements,
019,post_vr_eeg,post_vr,eeg,/Users/maddiemac/Puberty_VR/data/raw/subject_data/sub019/019_post_vr_eeg.csv,True,352,59,TimeStamp; Delta_TP9; Delta_AF7; Delta_AF8; Delta_TP10; Theta_TP9; Theta_AF7; Theta_AF8; Theta_TP10; Alpha_TP9; Alpha_AF7; Alpha_AF8; Alpha_TP10; Beta_TP9; Beta_AF7; Beta_AF8; Beta_TP10; Gamma_TP9; Gamma_AF7; Gamma_AF8; Gamma_TP10; RAW_TP9; RAW_AF7; RAW_AF8; RAW_TP10; AUX_1; AUX_2; AUX_3; AUX_4; Accelerometer_X; Accelerometer_Y; Accelerometer_Z; Gyro_X; Gyro_Y; Gyro_Z; Optics1; Optics2; Optics3; Optics4; Optics5; Optics6; Optics7; Optics8; Optics9; Optics10; Optics11; Optics12; Optics13; Optics14; Optics15; Optics16; Heart_Rate; HeadBandOn; HSI_TP9; HSI_AF7; HSI_AF8; HSI_TP10; Battery; Elements,
020,baseline_eeg,baseline,eeg,/Users/maddiemac/Puberty_VR/data/raw/subject_data/sub020/020_baseline_eeg.csv,True,1075,59,TimeStamp; Delta_TP9; Delta_AF7; Delta_AF8; Delta_TP10; Theta_TP9; Theta_AF7; Theta_AF8; Theta_TP10; Alpha_TP9; Alpha_AF7; Alpha_AF8; Alpha_TP10; Beta_TP9; Beta_AF7; Beta_AF8; Beta_TP10; Gamma_TP9; Gamma_AF7; Gamma_AF8; Gamma_TP10; RAW_TP9; RAW_AF7; RAW_AF8; RAW_TP10; AUX_1; AUX_2; AUX_3; AUX_4; Accelerometer_X; Accelerometer_Y; Accelerometer_Z; Gyro_X; Gyro_Y; Gyro_Z; Optics1; Optics2; Optics3; Optics4; Optics5; Optics6; Optics7; Optics8; Optics9; Optics10; Optics11; Optics12; Optics13; Optics14; Optics15; Optics16; Heart_Rate; HeadBandOn; HSI_TP9; HSI_AF7; HSI_AF8; HSI_TP10; Battery; Elements,
020,pre_vr_eeg,pre_vr,eeg,/Users/maddiemac/Puberty_VR/data/raw/subject_data/sub020/020_pre_vr_eeg.csv,True,982,59,TimeStamp; Delta_TP9; Delta_AF7; Delta_AF8; Delta_TP10; Theta_TP9; Theta_AF7; Theta_AF8; Theta_TP10; Alpha_TP9; Alpha_AF7; Alpha_AF8; Alpha_TP10; Beta_TP9; Beta_AF7; Beta_AF8; Beta_TP10; Gamma_TP9; Gamma_AF7; Gamma_AF8; Gamma_TP10; RAW_TP9; RAW_AF7; RAW_AF8; RAW_TP10; AUX_1; AUX_2; AUX_3; AUX_4; Accelerometer_X; Accelerometer_Y; Accelerometer_Z; Gyro_X; Gyro_Y; Gyro_Z; Optics1; Optics2; Optics3; Optics4; Optics5; Optics6; Optics7; Optics8; Optics9; Optics10; Optics11; Optics12; Optics13; Optics14; Optics15; Optics16; Heart_Rate; HeadBandOn; HSI_TP9; HSI_AF7; HSI_AF8; HSI_TP10; Battery; Elements,
020,post_vr_eeg,post_vr,eeg,/Users/maddiemac/Puberty_VR/data/raw/subject_data/sub020/020_post_vr_eeg.csv,True,330,59,TimeStamp; Delta_TP9; Delta_AF7; Delta_AF8; Delta_TP10; Theta_TP9; Theta_AF7; Theta_AF8; Theta_TP10; Alpha_TP9; Alpha_AF7; Alpha_AF8; Alpha_TP10; Beta_TP9; Beta_AF7; Beta_AF8; Beta_TP10; Gamma_TP9; Gamma_AF7; Gamma_AF8; Gamma_TP10; RAW_TP9; RAW_AF7; RAW_AF8; RAW_TP10; AUX_1; AUX_2; AUX_3; AUX_4; Accelerometer_X; Accelerometer_Y; Accelerometer_Z; Gyro_X; Gyro_Y; Gyro_Z; Optics1; Optics2; Optics3; Optics4; Optics5; Optics6; Optics7; Optics8; Optics9; Optics10; Optics11; Optics12; Optics13; Optics14; Optics15; Optics16; Heart_Rate; HeadBandOn; HSI_TP9; HSI_AF7; HSI_AF8; HSI_TP10; Battery; Elements,
020,recovery_eeg,recovery,eeg,/Users/maddiemac/Puberty_VR/data/raw/subject_data/sub020/020_recovery_eeg.csv,True,778,59,TimeStamp; Delta_TP9; Delta_AF7; Delta_AF8; Delta_TP10; Theta_TP9; Theta_AF7; Theta_AF8; Theta_TP10; Alpha_TP9; Alpha_AF7; Alpha_AF8; Alpha_TP10; Beta_TP9; Beta_AF7; Beta_AF8; Beta_TP10; Gamma_TP9; Gamma_AF7; Gamma_AF8; Gamma_TP10; RAW_TP9; RAW_AF7; RAW_AF8; RAW_TP10; AUX_1; AUX_2; AUX_3; AUX_4; Accelerometer_X; Accelerometer_Y; Accelerometer_Z; Gyro_X; Gyro_Y; Gyro_Z; Optics1; Optics2; Optics3; Optics4; Optics5; Optics6; Optics7; Optics8; Optics9; Optics10; Optics11; Optics12; Optics13; Optics14; Optics15; Optics16; Heart_Rate; HeadBandOn; HSI_TP9; HSI_AF7; HSI_AF8; HSI_TP10; Battery; Elements,
022,baseline_eeg,baseline,eeg,/Users/maddiemac/Puberty_VR/data/raw/subject_data/sub022/022_baseline_eeg.csv,True,351,59,TimeStamp; Delta_TP9; Delta_AF7; Delta_AF8; Delta_TP10; Theta_TP9; Theta_AF7; Theta_AF8; Theta_TP10; Alpha_TP9; Alpha_AF7; Alpha_AF8; Alpha_TP10; Beta_TP9; Beta_AF7; Beta_AF8; Beta_TP10; Gamma_TP9; Gamma_AF7; Gamma_AF8; Gamma_TP10; RAW_TP9; RAW_AF7; RAW_AF8; RAW_TP10; AUX_1; AUX_2; AUX_3; AUX_4; Accelerometer_X; Accelerometer_Y; Accelerometer_Z; Gyro_X; Gyro_Y; Gyro_Z; Optics1; Optics2; Optics3; Optics4; Optics5; Optics6; Optics7; Optics8; Optics9; Optics10; Optics11; Optics12; Optics13; Optics14; Optics15; Optics16; Heart_Rate; HeadBandOn; HSI_TP9; HSI_AF7; HSI_AF8; HSI_TP10; Battery; Elements,
022,pre_vr_eeg,pre_vr,eeg,/Users/maddiemac/Puberty_VR/data/raw/subject_data/sub022/022_pre_vr_eeg.csv,True,448,59,TimeStamp; Delta_TP9; Delta_AF7; Delta_AF8; Delta_TP10; Theta_TP9; Theta_AF7; Theta_AF8; Theta_TP10; Alpha_TP9; Alpha_AF7; Alpha_AF8; Alpha_TP10; Beta_TP9; Beta_AF7; Beta_AF8; Beta_TP10; Gamma_TP9; Gamma_AF7; Gamma_AF8; Gamma_TP10; RAW_TP9; RAW_AF7; RAW_AF8; RAW_TP10; AUX_1; AUX_2; AUX_3; AUX_4; Accelerometer_X; Accelerometer_Y; Accelerometer_Z; Gyro_X; Gyro_Y; Gyro_Z; Optics1; Optics2; Optics3; Optics4; Optics5; Optics6; Optics7; Optics8; Optics9; Optics10; Optics11; Optics12; Optics13; Optics14; Optics15; Optics16; Heart_Rate; HeadBandOn; HSI_TP9; HSI_AF7; HSI_AF8; HSI_TP10; Battery; Elements,
022,recovery_eeg,recovery,eeg,/Users/maddiemac/Puberty_VR/data/raw/subject_data/sub022/022_recovery_eeg.csv,True,1108,59,TimeStamp; Delta_TP9; Delta_AF7; Delta_AF8; Delta_TP10; Theta_TP9; Theta_AF7; Theta_AF8; Theta_TP10; Alpha_TP9; Alpha_AF7; Alpha_AF8; Alpha_TP10; Beta_TP9; Beta_AF7; Beta_AF8; Beta_TP10; Gamma_TP9; Gamma_AF7; Gamma_AF8; Gamma_TP10; RAW_TP9; RAW_AF7; RAW_AF8; RAW_TP10; AUX_1; AUX_2; AUX_3; AUX_4; Accelerometer_X; Accelerometer_Y; Accelerometer_Z; Gyro_X; Gyro_Y; Gyro_Z; Optics1; Optics2; Optics3; Optics4; Optics5; Optics6; Optics7; Optics8; Optics9; Optics10; Optics11; Optics12; Optics13; Optics14; Optics15; Optics16; Heart_Rate; HeadBandOn; HSI_TP9; HSI_AF7; HSI_AF8; HSI_TP10; Battery; Elements,
023,baseline_eeg,baseline,eeg,/Users/maddiemac/Puberty_VR/data/raw/subject_data/sub023/023_baseline_eeg.csv,True,712,59,TimeStamp; Delta_TP9; Delta_AF7; Delta_AF8; Delta_TP10; Theta_TP9; Theta_AF7; Theta_AF8; Theta_TP10; Alpha_TP9; Alpha_AF7; Alpha_AF8; Alpha_TP10; Beta_TP9; Beta_AF7; Beta_AF8; Beta_TP10; Gamma_TP9; Gamma_AF7; Gamma_AF8; Gamma_TP10; RAW_TP9; RAW_AF7; RAW_AF8; RAW_TP10; AUX_1; AUX_2; AUX_3; AUX_4; Accelerometer_X; Accelerometer_Y; Accelerometer_Z; Gyro_X; Gyro_Y; Gyro_Z; Optics1; Optics2; Optics3; Optics4; Optics5; Optics6; Optics7; Optics8; Optics9; Optics10; Optics11; Optics12; Optics13; Optics14; Optics15; Optics16; Heart_Rate; HeadBandOn; HSI_TP9; HSI_AF7; HSI_AF8; HSI_TP10; Battery; Elements,
023,pre_vr_eeg,pre_vr,eeg,/Users/maddiemac/Puberty_VR/data/raw/subject_data/sub023/023_pre_vr_eeg.csv,True,717,59,TimeStamp; Delta_TP9; Delta_AF7; Delta_AF8; Delta_TP10; Theta_TP9; Theta_AF7; Theta_AF8; Theta_TP10; Alpha_TP9; Alpha_AF7; Alpha_AF8; Alpha_TP10; Beta_TP9; Beta_AF7; Beta_AF8; Beta_TP10; Gamma_TP9; Gamma_AF7; Gamma_AF8; Gamma_TP10; RAW_TP9; RAW_AF7; RAW_AF8; RAW_TP10; AUX_1; AUX_2; AUX_3; AUX_4; Accelerometer_X; Accelerometer_Y; Accelerometer_Z; Gyro_X; Gyro_Y; Gyro_Z; Optics1; Optics2; Optics3; Optics4; Optics5; Optics6; Optics7; Optics8; Optics9; Optics10; Optics11; Optics12; Optics13; Optics14; Optics15; Optics16; Heart_Rate; HeadBandOn; HSI_TP9; HSI_AF7; HSI_AF8; HSI_TP10; Battery; Elements,
023,post_vr_eeg,post_vr,eeg,/Users/maddiemac/Puberty_VR/data/raw/subject_data/sub023/023_post_vr_eeg.csv,True,969,59,TimeStamp; Delta_TP9; Delta_AF7; Delta_AF8; Delta_TP10; Theta_TP9; Theta_AF7; Theta_AF8; Theta_TP10; Alpha_TP9; Alpha_AF7; Alpha_AF8; Alpha_TP10; Beta_TP9; Beta_AF7; Beta_AF8; Beta_TP10; Gamma_TP9; Gamma_AF7; Gamma_AF8; Gamma_TP10; RAW_TP9; RAW_AF7; RAW_AF8; RAW_TP10; AUX_1; AUX_2; AUX_3; AUX_4; Accelerometer_X; Accelerometer_Y; Accelerometer_Z; Gyro_X; Gyro_Y; Gyro_Z; Optics1; Optics2; Optics3; Optics4; Optics5; Optics6; Optics7; Optics8; Optics9; Optics10; Optics11; Optics12; Optics13; Optics14; Optics15; Optics16; Heart_Rate; HeadBandOn; HSI_TP9; HSI_AF7; HSI_AF8; HSI_TP10; Battery; Elements,
023,recovery_eeg,recovery,eeg,/Users/maddiemac/Puberty_VR/data/raw/subject_data/sub023/023_recovery_eeg.csv,True,804,59,TimeStamp; Delta_TP9; Delta_AF7; Delta_AF8; Delta_TP10; Theta_TP9; Theta_AF7; Theta_AF8; Theta_TP10; Alpha_TP9; Alpha_AF7; Alpha_AF8; Alpha_TP10; Beta_TP9; Beta_AF7; Beta_AF8; Beta_TP10; Gamma_TP9; Gamma_AF7; Gamma_AF8; Gamma_TP10; RAW_TP9; RAW_AF7; RAW_AF8; RAW_TP10; AUX_1; AUX_2; AUX_3; AUX_4; Accelerometer_X; Accelerometer_Y; Accelerometer_Z; Gyro_X; Gyro_Y; Gyro_Z; Optics1; Optics2; Optics3; Optics4; Optics5; Optics6; Optics7; Optics8; Optics9; Optics10; Optics11; Optics12; Optics13; Optics14; Optics15; Optics16; Heart_Rate; HeadBandOn; HSI_TP9; HSI_AF7; HSI_AF8; HSI_TP10; Battery; Elements,
024,pre_vr_eeg,pre_vr,eeg,/Users/maddiemac/Puberty_VR/data/raw/subject_data/sub024/024_pre_vr_eeg.csv,True,88725,59,TimeStamp; Delta_TP9; Delta_AF7; Delta_AF8; Delta_TP10; Theta_TP9; Theta_AF7; Theta_AF8; Theta_TP10; Alpha_TP9; Alpha_AF7; Alpha_AF8; Alpha_TP10; Beta_TP9; Beta_AF7; Beta_AF8; Beta_TP10; Gamma_TP9; Gamma_AF7; Gamma_AF8; Gamma_TP10; RAW_TP9; RAW_AF7; RAW_AF8; RAW_TP10; AUX_1; AUX_2; AUX_3; AUX_4; Accelerometer_X; Accelerometer_Y; Accelerometer_Z; Gyro_X; Gyro_Y; Gyro_Z; Optics1; Optics2; Optics3; Optics4; Optics5; Optics6; Optics7; Optics8; Optics9; Optics10; Optics11; Optics12; Optics13; Optics14; Optics15; Optics16; Heart_Rate; HeadBandOn; HSI_TP9; HSI_AF7; HSI_AF8; HSI_TP10; Battery; Elements,
024,post_vr_eeg,post_vr,eeg,/Users/maddiemac/Puberty_VR/data/raw/subject_data/sub024/024_post_vr_eeg.csv,True,86042,59,TimeStamp; Delta_TP9; Delta_AF7; Delta_AF8; Delta_TP10; Theta_TP9; Theta_AF7; Theta_AF8; Theta_TP10; Alpha_TP9; Alpha_AF7; Alpha_AF8; Alpha_TP10; Beta_TP9; Beta_AF7; Beta_AF8; Beta_TP10; Gamma_TP9; Gamma_AF7; Gamma_AF8; Gamma_TP10; RAW_TP9; RAW_AF7; RAW_AF8; RAW_TP10; AUX_1; AUX_2; AUX_3; AUX_4; Accelerometer_X; Accelerometer_Y; Accelerometer_Z; Gyro_X; Gyro_Y; Gyro_Z; Optics1; Optics2; Optics3; Optics4; Optics5; Optics6; Optics7; Optics8; Optics9; Optics10; Optics11; Optics12; Optics13; Optics14; Optics15; Optics16; Heart_Rate; HeadBandOn; HSI_TP9; HSI_AF7; HSI_AF8; HSI_TP10; Battery; Elements,
024,recovery_eeg,recovery,eeg,/Users/maddiemac/Puberty_VR/data/raw/subject_data/sub024/024_recovery_eeg.csv,True,99924,59,TimeStamp; Delta_TP9; Delta_AF7; Delta_AF8; Delta_TP10; Theta_TP9; Theta_AF7; Theta_AF8; Theta_TP10; Alpha_TP9; Alpha_AF7; Alpha_AF8; Alpha_TP10; Beta_TP9; Beta_AF7; Beta_AF8; Beta_TP10; Gamma_TP9; Gamma_AF7; Gamma_AF8; Gamma_TP10; RAW_TP9; RAW_AF7; RAW_AF8; RAW_TP10; AUX_1; AUX_2; AUX_3; AUX_4; Accelerometer_X; Accelerometer_Y; Accelerometer_Z; Gyro_X; Gyro_Y; Gyro_Z; Optics1; Optics2; Optics3; Optics4; Optics5; Optics6; Optics7; Optics8; Optics9; Optics10; Optics11; Optics12; Optics13; Optics14; Optics15; Optics16; Heart_Rate; HeadBandOn; HSI_TP9; HSI_AF7; HSI_AF8; HSI_TP10; Battery; Elements,
025,baseline_eeg,baseline,eeg,/Users/maddiemac/Puberty_VR/data/raw/subject_data/sub025/025_baseline_eeg.csv,True,79686,59,TimeStamp; Delta_TP9; Delta_AF7; Delta_AF8; Delta_TP10; Theta_TP9; Theta_AF7; Theta_AF8; Theta_TP10; Alpha_TP9; Alpha_AF7; Alpha_AF8; Alpha_TP10; Beta_TP9; Beta_AF7; Beta_AF8; Beta_TP10; Gamma_TP9; Gamma_AF7; Gamma_AF8; Gamma_TP10; RAW_TP9; RAW_AF7; RAW_AF8; RAW_TP10; AUX_1; AUX_2; AUX_3; AUX_4; Accelerometer_X; Accelerometer_Y; Accelerometer_Z; Gyro_X; Gyro_Y; Gyro_Z; Optics1; Optics2; Optics3; Optics4; Optics5; Optics6; Optics7; Optics8; Optics9; Optics10; Optics11; Optics12; Optics13; Optics14; Optics15; Optics16; Heart_Rate; HeadBandOn; HSI_TP9; HSI_AF7; HSI_AF8; HSI_TP10; Battery; Elements,
025,pre_vr_eeg,pre_vr,eeg,/Users/maddiemac/Puberty_VR/data/raw/subject_data/sub025/025_pre_vr_eeg.csv,True,88464,59,TimeStamp; Delta_TP9; Delta_AF7; Delta_AF8; Delta_TP10; Theta_TP9; Theta_AF7; Theta_AF8; Theta_TP10; Alpha_TP9; Alpha_AF7; Alpha_AF8; Alpha_TP10; Beta_TP9; Beta_AF7; Beta_AF8; Beta_TP10; Gamma_TP9; Gamma_AF7; Gamma_AF8; Gamma_TP10; RAW_TP9; RAW_AF7; RAW_AF8; RAW_TP10; AUX_1; AUX_2; AUX_3; AUX_4; Accelerometer_X; Accelerometer_Y; Accelerometer_Z; Gyro_X; Gyro_Y; Gyro_Z; Optics1; Optics2; Optics3; Optics4; Optics5; Optics6; Optics7; Optics8; Optics9; Optics10; Optics11; Optics12; Optics13; Optics14; Optics15; Optics16; Heart_Rate; HeadBandOn; HSI_TP9; HSI_AF7; HSI_AF8; HSI_TP10; Battery; Elements,
025,post_vr_eeg,post_vr,eeg,/Users/maddiemac/Puberty_VR/data/raw/subject_data/sub025/025_post_vr_eeg.csv,True,80941,59,TimeStamp; Delta_TP9; Delta_AF7; Delta_AF8; Delta_TP10; Theta_TP9; Theta_AF7; Theta_AF8; Theta_TP10; Alpha_TP9; Alpha_AF7; Alpha_AF8; Alpha_TP10; Beta_TP9; Beta_AF7; Beta_AF8; Beta_TP10; Gamma_TP9; Gamma_AF7; Gamma_AF8; Gamma_TP10; RAW_TP9; RAW_AF7; RAW_AF8; RAW_TP10; AUX_1; AUX_2; AUX_3; AUX_4; Accelerometer_X; Accelerometer_Y; Accelerometer_Z; Gyro_X; Gyro_Y; Gyro_Z; Optics1; Optics2; Optics3; Optics4; Optics5; Optics6; Optics7; Optics8; Optics9; Optics10; Optics11; Optics12; Optics13; Optics14; Optics15; Optics16; Heart_Rate; HeadBandOn; HSI_TP9; HSI_AF7; HSI_AF8; HSI_TP10; Battery; Elements,
025,recovery_eeg,recovery,eeg,/Users/maddiemac/Puberty_VR/data/raw/subject_data/sub025/025_recovery_eeg.csv,True,81208,59,TimeStamp; Delta_TP9; Delta_AF7; Delta_AF8; Delta_TP10; Theta_TP9; Theta_AF7; Theta_AF8; Theta_TP10; Alpha_TP9; Alpha_AF7; Alpha_AF8; Alpha_TP10; Beta_TP9; Beta_AF7; Beta_AF8; Beta_TP10; Gamma_TP9; Gamma_AF7; Gamma_AF8; Gamma_TP10; RAW_TP9; RAW_AF7; RAW_AF8; RAW_TP10; AUX_1; AUX_2; AUX_3; AUX_4; Accelerometer_X; Accelerometer_Y; Accelerometer_Z; Gyro_X; Gyro_Y; Gyro_Z; Optics1; Optics2; Optics3; Optics4; Optics5; Optics6; Optics7; Optics8; Optics9; Optics10; Optics11; Optics12; Optics13; Optics14; Optics15; Optics16; Heart_Rate; HeadBandOn; HSI_TP9; HSI_AF7; HSI_AF8; HSI_TP10; Battery; Elements,
